id,domain,status,purchase_price,renewal_price,attractiveness,demand,length,registrar,created_at,expires_at,status_verified_at
91ddc51e-8a3a-48f2-a222-bc7ed3da689c,transport.taxi,resell,,,high,low,9,"Sav.com, LLC - 10",25/09/2026 15:16,25/09/2027 15:16,02/10/2026 11:57
23793e9f-f8e7-4b78-9709-d7f9fa8cd1e8,transport.tech,premium,6900,6900,high,low,9,namesilo,,,02/10/2026 11:57
e797f584-8f66-478e-b466-1c8a7d3db284,transport.maison,available,13.59,47.3,high,low,9,dynadot,,,02/10/2026 11:57
9910c30a-7247-4207-a2ce-d4797fc641dd,transport.boutique,available,5.5,32.99,high,low,9,unstoppable,,,02/10/2026 11:57
2739ea13-bbc8-418a-8a55-3bbde5349cd5,transport.voyage,premium,118.8,118.8,high,low,9,namesilo,,,02/10/2026 11:57
03947452-7d18-44e7-bf83-4b3cfd106dd5,transport.quest,resell,,,high,low,9,Dynadot Inc,02/07/2026 00:16,02/07/2027 23:59,02/10/2026 11:57
6ec751f6-1c38-404f-947b-b42e8b7be7ac,transport.viajes,available,35.2,35.2,high,low,9,cloudflare,,,02/10/2026 11:57
874506dd-e0f5-44b2-b677-4e867a183e7d,transport.racing,premium,103.7,103.7,high,low,9,spaceship,,,02/10/2026 11:57
6bb1dbce-2ca9-4d12-8726-9cc0113c4ada,transport.money,available,16,35.99,high,low,9,unstoppable,,,02/10/2026 11:57
b0f32520-d9ac-4959-b4c3-09eb466baa8d,transport.holiday,available,64.99,64.99,high,low,9,namesilo,,,02/10/2026 11:57
3532d0ce-1291-4676-972c-a8ed54d70d9c,transport.soccer,available,10.92,21.62,high,low,9,dynadot,,,02/10/2026 11:57
c24f4df2-a4a7-4003-817b-f912ecb93706,transport.cars,available,2070,2950,high,low,9,namecheap,,,02/10/2026 11:57
6e78a5d1-d535-46c4-afb4-7e26b6a740a3,transport.express,resell,,,high,low,9,"Spaceship, Inc.",25/09/2021 17:00,25/09/2027 17:00,02/10/2026 11:57
06fb625c-3e59-4804-a116-aac4c6ac4e01,transport.services,resell,,,high,low,9,NameWeb BVBA,24/06/2015 16:00,24/06/2028 16:00,02/10/2026 11:57
b93e48ea-bc87-43fb-b203-ed9943b52995,transport.men,premium,448,53.92,high,low,9,namesilo,,,02/10/2026 11:57
e62a148b-89d0-4f97-8a2e-0e5d71fef8cc,transport.life,resell,,,high,low,9,Xin Net Technology Corporation,26/05/2019 06:48,26/05/2027 06:48,02/10/2026 11:57
f8ee0eb0-534c-46af-8068-66d092b8d9f9,transport.giving,available,7.48,35.98,high,low,9,namecheap,,,02/10/2026 11:57
caeee134-3aa9-4c62-bdec-f3d490788428,transport.country,available,2060.25,2060.25,high,low,9,porkbun,,,02/10/2026 11:57
ab0f3b1a-549b-4d3d-9d73-8562764fea1f,transport.degree,available,52.99,52.99,high,low,9,namesilo,,,02/10/2026 11:57
d150aef2-008f-4de8-81f3-87fcb722f05d,transport.condos,available,46.78,46.78,high,low,9,spaceship,,,02/10/2026 11:57
984b7a11-c058-431b-88ab-b3ba3d945fe3,transport.press,premium,640,640,high,low,9,namesilo,,,02/10/2026 11:57
60ca5865-3569-4c3a-a5cf-d7f4e97df32f,transport.day,premium,648.7,648.7,high,low,9,namecheap,,,02/10/2026 11:57
e3a56a41-505a-4be3-947b-d049ee5fd244,transport.fans,premium,65,130,high,low,9,namecheap,,,02/10/2026 11:57
e554335b-5a49-41c1-aeda-b32a06fbb1e4,transport.us,resell,,,high,low,9,"GoDaddy.com, LLC",12/07/2020 00:01,12/07/2027 00:01,02/10/2026 11:57
f49613f9-d7a5-4db0-8917-b5d3dc6f4da7,transport.world,resell,,,high,low,9,"Chengdu West Dimension Digital Technology Co., Ltd.",21/02/2016 22:59,21/02/2027 22:59,02/10/2026 11:57
9f666ef1-1d98-42c6-93ae-7adc130fef2b,transport.solutions,resell,,,high,low,9,Dynadot Inc,08/06/2016 08:30,08/06/2027 08:30,02/10/2026 11:57
e3ca72a6-98b3-4010-ae5d-7586454bbbc7,transport.financial,available,22.5,58.99,high,low,9,unstoppable,,,02/10/2026 11:57
803d873c-a883-4b72-8531-d995bd137a6e,transport.tienda,available,46.2,46.2,high,low,9,cloudflare,,,02/10/2026 11:57
a77487ba-2007-44c9-802f-ae4cd9dc38d5,transport.pizza,available,5.38,51.95,high,low,9,spaceship,,,02/10/2026 11:57
05c6a5b3-a90b-4ed9-a85b-24e92f15e1df,transport.kitchen,available,7.96,51.95,high,low,9,spaceship,,,02/10/2026 11:57
bfd1cf38-571a-40d4-9649-63168d40b7c8,transport.deal,premium,116,116,high,low,9,namesilo,,,02/10/2026 11:57
23353808-aa0b-4615-a459-57e9e81e62eb,transport.estate,available,6.41,31.25,high,low,9,spaceship,,,02/10/2026 11:57
67be112e-8c45-429e-a4f0-b23859cdedde,transport.pink,available,14.49,25.99,high,low,9,namesilo,,,02/10/2026 11:57
5479d4fd-b5f7-486c-b2ac-507d1ce338c6,transport.trading,available,16.76,16.76,high,low,9,spaceship,,,02/10/2026 11:57
c6522e2d-3e81-4d64-94c9-d863f30eca56,transport.vet,available,33.32,33.32,high,low,9,spaceship,,,02/10/2026 11:57
3c50f258-2fe2-46af-9be7-7b16c2a81dbe,transport.clinic,available,20.99,64.99,high,low,9,namesilo,,,02/10/2026 11:57
1851557e-2d47-44d0-a6ae-233f1022aad7,transport.domains,available,34.36,34.36,high,low,9,spaceship,,,02/10/2026 11:57
40400a26-d2cb-4475-9458-777d36d217b3,transport.wine,premium,414.2,414.2,high,low,9,spaceship,,,02/10/2026 11:57
369ab5d8-d7e9-47fe-9e88-f493a32c40bd,transport.how,premium,351.07,351.07,high,low,9,spaceship,,,02/10/2026 11:57
85d03747-59d2-46a9-84d8-82f4be9a15e6,transport.cruises,available,56.99,56.99,high,low,9,namesilo,,,02/10/2026 11:57
adde13fe-02a6-4a91-ae7c-68a0f9db39bf,transportation.express,available,9.98,49.98,high,low,14,namecheap,,,19/09/2026 03:16
76ad3643-6456-46d2-a252-a690e63b40bb,transport.zip,premium,129.2,133.72,high,low,9,unstoppable,,,02/10/2026 11:57
894b787f-1ef0-4194-98a5-40a83d39944e,transport.events,available,15.99,45.99,high,low,9,namesilo,,,02/10/2026 11:57
d341b407-81d3-4472-b276-dab4538cf9b8,transport.study,premium,207.2,207.2,high,low,9,spaceship,,,02/10/2026 11:57
549bb1ef-6700-4859-bc5f-edc64e68624b,transport.forum,available,30.2,30.2,high,low,9,cloudflare,,,02/10/2026 11:57
10cc8ba0-be4d-408b-bbbf-dba1388aa7cf,transport.lgbt,available,10.55,64.37,high,low,9,spaceship,,,02/10/2026 11:57
b6128005-8566-4caa-8d4f-40a08c2a791b,transport.sex,available,69.98,154.98,high,low,9,namecheap,,,02/10/2026 11:57
f2d9ce54-3a6c-4904-8b16-0bca3f67bfde,transport.gifts,available,8.24,29.35,high,low,9,porkbun,,,02/10/2026 11:57
d8f03585-0cf6-4e21-97e2-57f504cb2b2c,transportation.fast,premium,53.92,53.92,high,low,14,namesilo,,,19/09/2026 03:16
2f63d36c-105b-4fd7-98b9-008f203960c8,transport.coupons,available,5.99,54.99,high,low,9,namesilo,,,02/10/2026 11:57
a4d62c2b-e48d-46f3-80de-41c3669781d7,transport.foundation,available,14.99,23.99,high,low,9,namesilo,,,02/10/2026 11:57
846aaff3-8f76-4f3d-a8e7-c9531247d02e,transport.phd,premium,671.92,671.92,high,low,9,spaceship,,,02/10/2026 11:57
875ce216-84ef-46bb-b73b-3764f68c79f8,transport.restaurant,available,20,51.95,high,low,9,unstoppable,,,02/10/2026 11:57
ef31d5b4-ee01-47e6-9f0d-ad480e72c29b,transport.fun,premium,812.5,3250,high,low,9,namecheap,,,02/10/2026 11:57
413452b6-9ab1-4c36-9a03-fd6bda427a0b,transport.memorial,available,40.2,40.2,high,low,9,cloudflare,,,02/10/2026 11:57
5fa4e90f-94dd-40e0-b8dc-e2b29baae59d,transport.inc,premium,2061.5,2660,high,low,9,namesilo,,,02/10/2026 11:57
0add0ba7-baee-477a-b2bd-a8bbf40f28ab,transport.fan,available,43.67,43.67,high,low,9,spaceship,,,02/10/2026 11:57
966f0f51-6a00-43cc-a16b-65f9ddd22b1f,transport.casino,available,125.2,125.2,high,low,9,cloudflare,,,02/10/2026 11:57
f615b2c3-ffac-4628-85dd-726a4206298f,transport.boo,premium,516.67,516.67,high,low,9,spaceship,,,02/10/2026 11:57
58b4a8fb-f1ab-4cbf-bcac-c2c3a9a2a2e1,transport.company,resell,,,high,low,9,GoDaddy Online Services Cayman Islands Ltd.,24/06/2015 16:00,24/06/2033 16:00,02/10/2026 11:57
bc0bcf34-28a7-484f-9862-3daee19706b0,transport.republican,available,5.57,26.97,high,low,9,dynadot,,,02/10/2026 11:57
a1818fd9-610d-4371-9e65-56ebae3f6629,transport.limo,available,42.2,42.2,high,low,9,cloudflare,,,02/10/2026 11:57
2ff98626-5557-4458-9c31-1e45fd022b2f,transport.date,premium,384,53.92,high,low,9,namesilo,,,02/10/2026 11:57
0f4c1e91-a68e-4ea6-95c8-3d9b1f9500c6,transport.film,premium,116,116,high,low,9,namesilo,,,02/10/2026 11:57
c0a80409-68ba-4051-9b89-9ba0a46d5181,transport.fish,available,46.98,59.98,high,low,9,namecheap,,,02/10/2026 11:57
88d998ae-29b5-4ba4-9ee9-b992ae135c43,transport.diamonds,available,43.77,43.77,high,low,9,porkbun,,,02/10/2026 11:57
d9d2f85c-c72a-4ccf-89bd-8ee7e2713b38,transport.direct,resell,,,high,low,9,"Sav.com, LLC",27/01/2024 17:00,27/01/2027 17:00,02/10/2026 11:57
7ce84df0-92d8-4f91-b6c7-3c6b786c7111,transport.villas,available,59.99,59.99,high,low,9,namesilo,,,02/10/2026 11:57
61a64d45-1c85-49a2-9148-2265c7ae1888,transport.rsvp,premium,516.67,516.67,high,low,9,spaceship,,,02/10/2026 11:57
a4d8f0c6-e085-4734-a8a3-3cad50b59cd1,transport.build,premium,1552.7,1552.7,high,low,9,spaceship,,,02/10/2026 11:57
9233fa14-87ab-422b-b6b5-ef255f26d11a,transport.kaufen,available,5.99,26.99,high,low,9,namesilo,,,02/10/2026 11:57
62eeb848-e89d-46a4-a878-678c9061da53,transport.contractors,available,5.57,29.11,high,low,9,dynadot,,,02/10/2026 11:57
6df465c0-4078-4bea-8205-435d8b9659d4,transport.investments,available,100.2,100.2,high,low,9,cloudflare,,,02/10/2026 11:57
f8f38396-9e98-4bc7-85c9-abbbc8fbf539,transport.tennis,available,51.95,51.95,high,low,9,spaceship,,,02/10/2026 11:57
e73d2e87-3657-477f-97a9-0e49eceb99bb,transport.organic,available,17.99,85.99,high,low,9,namesilo,,,02/10/2026 11:57
a5ed2bf1-3f97-46dd-9c28-c7457a89b8b6,transport.immobilien,available,8.24,31.15,high,low,9,dynadot,,,02/10/2026 11:57
2ae7037a-db8d-42f8-8432-086a720c3b53,transport.recipes,available,8.5,64.42,high,low,9,unstoppable,,,02/10/2026 11:57
f14a65ec-3a70-48f3-b1a3-425b7f62222c,transport.vacations,available,38.99,38.99,high,low,9,namesilo,,,02/10/2026 11:57
617b3707-b0f7-4906-89cb-1b13996bfeaf,transport.qpon,premium,3450,23.54,high,low,9,namesilo,,,02/10/2026 11:57
1a4a11f7-77d7-4066-9be4-69d558d4f542,transport.beer,available,1.24,26.08,high,low,9,spaceship,,,02/10/2026 11:57
c0fd1f4d-666d-4ab7-99ea-aac1d0d64d1b,transport.shop,premium,1035.2,1035.2,high,low,9,spaceship,,,02/10/2026 11:57
215d88dc-871a-474c-960a-8812bbbfb78d,transport.guitars,available,107.22,107.22,high,low,9,dynadot,,,02/10/2026 11:57
bacfc5ed-ad68-440b-a112-4f7dfae125a6,transport.cleaning,available,60.23,60.23,high,low,9,spaceship,,,02/10/2026 11:57
1b74fd8d-e73a-4262-b47b-12dab66650ed,transport.tax,premium,242,242,high,low,9,namesilo,,,02/10/2026 11:57
ad51bc5b-5154-4dcc-aaa6-da5f28adfd48,transport.paris,available,66.98,66.98,high,low,9,namecheap,,,02/10/2026 11:57
e5c99eaa-6909-4607-b6c2-b1e088f11571,transport.capital,resell,,,high,low,9,"Sav.com, LLC - 47",10/12/2025 15:16,10/12/2026 15:16,02/10/2026 11:57
0bc971b2-2798-46f3-8dd7-7bc11b29bf47,transport.xxx,resell,,,high,low,9,"GoDaddy.com, LLC",20/06/2026 08:17,20/06/2027 08:17,02/10/2026 11:57
2267b728-9d90-4f25-88c6-b16331f7849a,transport.porn,available,53.72,101.87,high,low,9,dynadot,,,02/10/2026 11:57
7ca05e79-713f-4a9d-b37f-1b92a2cddb32,transport.dentist,available,65.99,65.99,high,low,9,namesilo,,,02/10/2026 11:57
40af6c2f-d6cf-45f9-9185-545ad0e3192d,transport.ing,premium,3900,3900,high,low,9,namecheap,,,02/10/2026 11:57
3e472904-b6c4-4faf-9667-14b39fe3f542,transport.video,premium,51.43,102.67,high,low,9,spaceship,,,02/10/2026 11:57
cc3ee7e6-686d-4fc2-ab51-912fbd0309b0,transport.place,available,18.02,18.02,high,low,9,porkbun,,,02/10/2026 11:57
dcaaf98d-b1f4-487d-bcd1-2be2d2cd32fb,transport.jewelry,available,51.95,51.95,high,low,9,spaceship,,,02/10/2026 11:57
4a4ddfd0-53e9-43fc-b5a7-f8b82cb12431,transport.blackfriday,available,114.99,114.99,high,low,9,namesilo,,,02/10/2026 11:57
ccbbe650-526b-496d-88ca-5d070e924c4d,transport.ventures,available,46.2,46.2,high,low,9,cloudflare,,,02/10/2026 11:57
8ffa4bb3-360c-4c13-acf2-b74577f8d663,transport.flowers,available,108.98,159.98,high,low,9,namecheap,,,02/10/2026 11:57
f55f822c-c884-433e-a5f5-b119ae1d13b9,transport.voting,available,978.6,978.6,high,low,9,dynadot,,,02/10/2026 11:57
589694c9-cc59-426b-ac4e-d387fc20fc88,transport.surf,resell,,,high,low,9,"Spaceship, Inc.",26/11/2025 16:30,26/11/2026 16:30,02/10/2026 11:57
2ec88acf-209a-4629-bec0-5c002f27a8f7,transport.codes,available,8.99,71.99,high,low,9,namesilo,,,02/10/2026 11:57
d9eac8ca-d803-4ea1-9eae-ce4c65f52858,transport.pics,resell,,,high,low,9,Dynadot Inc,16/02/2026 16:36,16/02/2027 23:59,02/10/2026 11:57
ef446892-0aae-41e9-a563-b10ca15b80b3,transport.dental,available,62.3,62.3,high,low,9,spaceship,,,02/10/2026 11:57
f28c34ef-0fa5-4bf4-b7d5-84118f159341,transport.creditcard,available,156.98,168.98,high,low,9,namecheap,,,02/10/2026 11:57
7a97d8ac-d7d6-46f7-b47b-8cb0e5f9a50f,transport.horse,available,32.49,32.49,high,low,9,namesilo,,,02/10/2026 11:57
2b186b6f-773f-4c82-8d64-c2b055a40ec2,transport.town,available,8.99,36.49,high,low,9,namesilo,,,02/10/2026 11:57
b02b7161-ac58-4d36-bf4c-011f4f2be3c5,transport.adult,available,51.95,98.53,high,low,9,spaceship,,,02/10/2026 11:57
4c852b67-6cfd-4479-8af3-903cccc7dc6e,transport.hospital,available,47.3,47.3,high,low,9,dynadot,,,02/10/2026 11:57
486b4999-f6da-4a61-8479-d07c620715a8,transport.attorney,available,62.99,62.99,high,low,9,namesilo,,,02/10/2026 11:57
16097512-3360-475e-83fc-204c42aff814,transport.engineer,premium,1035.2,1035.2,high,low,9,spaceship,,,02/10/2026 11:57
52ee7cd3-fb57-4000-a73a-0be3620ddced,transport.yoga,available,26.97,26.97,high,low,9,dynadot,,,02/10/2026 11:57
851fbe9f-0681-4b4c-ae71-83792200b6c5,transport.show,resell,,,high,low,9,"GoDaddy.com, LLC",13/01/2024 15:46,13/01/2027 15:46,02/10/2026 11:57
4162e8c2-aff8-4a68-8f7c-f9037e3a0bfb,transport.rip,available,4.63,19.05,high,low,9,porkbun,,,02/10/2026 11:57
9b37952d-83d1-45c3-b8e1-88621f70bf38,transport.dad,premium,516.67,516.67,high,low,9,spaceship,,,02/10/2026 11:57
0c57f5d8-3d21-4951-afbe-634b04b3aa55,transport.pub,available,32.29,32.29,high,low,9,spaceship,,,02/10/2026 11:57
19c87151-0f56-41bd-ac52-2ee69fb4706d,transport.hockey,available,47.81,47.81,high,low,9,spaceship,,,02/10/2026 11:57
6fceb73e-c3de-4cc5-b36e-0aec86e27782,transport.rehab,premium,242,242,high,low,9,namesilo,,,02/10/2026 11:57
98e8b7f1-6ef4-4e5e-9bc7-204b55496768,transport.dance,available,16.99,27.49,high,low,9,namesilo,,,02/10/2026 11:57
0e910d56-c373-437c-8f0b-15fd531eebb0,transport.associates,available,11.59,31.25,high,low,9,spaceship,,,02/10/2026 11:57
369b52cd-58ac-4ac6-96d2-a6093e7e89e8,transport.car,available,1999.99,2199,high,low,9,namesilo,,,02/10/2026 11:57
22587231-d305-41ff-99df-8712a9715dc2,transport.guru,resell,,,high,low,9,"Sav.com, LLC - 19",21/11/2025 15:15,21/11/2026 15:15,02/10/2026 11:57
87a0c88e-3cbd-4cec-a32f-04d2335e4a08,transport.luxe,premium,2200,16.27,high,low,9,dynadot,,,02/10/2026 11:57
8ad5a3c7-bea7-49d5-98bb-26805ee31a2f,transport.free,premium,100.5,110,high,low,9,unstoppable,,,02/10/2026 11:57
7057bc2c-9b1c-446f-bdcb-4af2e98be930,transport.immo,available,28.15,28.15,high,low,9,spaceship,,,02/10/2026 11:57
1182fe9b-5061-4049-817a-e9cd6575963c,transport.shiksha,available,13.5,51.99,high,low,9,unstoppable,,,02/10/2026 11:57
7484a62c-a21a-4077-8686-6557c8f33da7,transport.monster,available,1.54,14.21,high,low,9,porkbun,,,02/10/2026 11:57
caebce1c-94eb-4078-a7f5-b7b4826fcb6e,transport.vote,available,33,72.65,high,low,9,unstoppable,,,02/10/2026 11:57
731a4a0d-8d0a-4667-abe3-46affa6a0717,transport.site,premium,647.08,2587.7,high,low,9,spaceship,,,02/10/2026 11:57
e21a3609-18cc-4abe-a9ef-e295aa546410,transport.shoes,available,64.99,64.99,high,low,9,namesilo,,,02/10/2026 11:57
f84c28c1-aefa-43ef-9a31-2f6789c6bc75,transport.farm,resell,,,high,low,9,"Spaceship, Inc.",23/02/2026 08:03,23/02/2027 08:03,02/10/2026 11:57
c5c3ecc0-4b28-40ee-bbfe-8ba6fd28f8d4,transport.miami,premium,260,23.4,high,low,9,namecheap,,,02/10/2026 11:57
b44aa32f-e9ff-4405-a237-c5ca398bce3f,transport.diet,available,104.99,114.99,high,low,9,namesilo,,,02/10/2026 11:57
b2c892aa-2b89-4abf-aa3e-866faabcd84f,transport.deals,premium,68.51,68.51,high,low,9,spaceship,,,02/10/2026 11:57
ce7ddfca-339b-4cbd-8f4f-9515ec42b15a,transport.ltda,available,42.98,46.98,high,low,9,namecheap,,,02/10/2026 11:57
4f46654d-5bed-44d8-9b70-505558a931ec,transport.channel,premium,516.67,516.67,high,low,9,spaceship,,,02/10/2026 11:57
8f35039a-b1db-49f1-b64e-b4bcf8eae9bd,transport.website,premium,1107,1107,high,low,9,namesilo,,,02/10/2026 11:57
54cc204c-4898-4ae0-b357-5b42f569b1f0,transport.zone,resell,,,high,low,9,"DNSPod, Inc.",03/03/2024 15:15,03/03/2027 15:15,02/10/2026 11:57
13c1ec7b-3a7f-42df-9657-a18a650460e1,transport.ski,premium,800.5,854,high,low,9,unstoppable,,,02/10/2026 11:57
d06516b2-96ca-42bd-adef-9cc38ba59974,transport.engineering,premium,68.51,68.51,high,low,9,spaceship,,,02/10/2026 11:57
80403a55-b3fd-4b88-a869-c8de3e6b401f,transport.poker,available,10.99,67.99,high,low,9,namesilo,,,02/10/2026 11:57
4b039f6f-2b00-415e-b797-8b1df1cfeb83,transport.pw,resell,,,high,low,9,"Chengdu West Dimension Digital Technology Co., Ltd.",11/03/2024 02:53,11/03/2034 23:59,02/10/2026 11:57
3960b6ce-89a9-41b1-98c9-3a857dd3271d,transport.accountants,available,93.35,93.35,high,low,9,spaceship,,,02/10/2026 11:57
52f913e5-6249-44bf-a452-28be2a54dbd6,transport.surgery,available,43.67,43.67,high,low,9,spaceship,,,02/10/2026 11:57
6af87292-d4bc-42eb-abcf-445acc53a54a,transport.house,available,11.59,35.39,high,low,9,spaceship,,,02/10/2026 11:57
39f60feb-f9db-46eb-a692-176bced2a169,transport.shopping,available,26.99,26.99,high,low,9,namesilo,,,02/10/2026 11:57
6a9c069e-70d2-4826-841e-705f484b6081,transport.garden,available,1.24,26.08,high,low,9,spaceship,,,02/10/2026 11:57
bf7f85d7-f70a-4404-89ab-97e0105a6d94,transport.photo,premium,103.7,103.7,high,low,9,spaceship,,,02/10/2026 11:57
946660ee-ace0-4f22-bf55-3fac0403e5ca,transport.charity,available,14.99,23.99,high,low,9,namesilo,,,02/10/2026 11:57
1d5d38ee-58d8-46c2-b3c0-6af4ea8ddb81,transport.consulting,premium,512,512,high,low,9,namesilo,,,02/10/2026 11:57
eaf5e58e-1b2b-488a-9e32-7111476465c7,transport.icu,premium,384,768,high,low,9,namesilo,,,02/10/2026 11:57
b4b35cd4-be30-4a2f-86ec-1359cb105eb9,transport.win,premium,385,55,high,low,9,dynadot,,,02/10/2026 11:57
13825008-d88b-4dae-b250-7223cb8b7da8,transport.ltd,resell,,,high,low,9,"Sav.com, LLC - 15",20/09/2026 15:15,20/09/2027 15:15,02/10/2026 11:57
f210b548-19e8-4df5-906a-793090307a92,transport.style,available,16.99,38.99,high,low,9,namesilo,,,02/10/2026 11:57
1f610f1c-45c7-4a80-8099-d20fee1fdc4f,transport.navy,available,34.27,34.27,high,low,9,dynadot,,,02/10/2026 11:57
ac95a0f9-9470-4499-babb-a71767d54d69,transport.science,premium,6500,130,high,low,9,namecheap,,,02/10/2026 11:57
be621ce4-a005-4b10-9a6b-974338a8cfcd,transport.health,resell,,,high,low,9,"Spaceship, Inc.",29/04/2026 18:22,29/04/2027 18:22,02/10/2026 11:57
3372a44d-79d6-41bb-9d94-074bb8453b82,transport.healthcare,premium,242,242,high,low,9,namesilo,,,02/10/2026 11:57
85771603-f2de-426f-a8bb-a1cbcd557810,transport.talk,premium,71.4,71.4,high,low,9,namesilo,,,02/10/2026 11:57
665d19d1-3da6-4d6e-a7e3-6d549f91ac50,transport.enterprises,available,8.48,28.15,high,low,9,spaceship,,,02/10/2026 11:57
f6d0bbdc-8792-4d2f-aba6-41274008d7d1,transport.me,resell,,,high,low,9,"GoDaddy.com, LLC",29/07/2008 06:35,29/07/2028 06:35,02/10/2026 11:57
096e3694-d1ef-4507-9cbe-e5198733034d,transport.lighting,available,23.99,23.99,high,low,9,namesilo,,,02/10/2026 11:57
d537f09f-4752-4b9d-83a4-1ec1320bc49b,transport.new,available,412.2,412.2,high,low,9,spaceship,,,02/10/2026 11:57
5161e9df-458a-4135-bf01-f73d59b7d5f9,transportation.auto,available,1999.99,2199,high,low,14,namesilo,,,19/09/2026 03:16
957d2765-10e5-4f8e-87c1-f01dfaeb99c2,transport.vana,available,2070.2,2070.2,high,low,9,spaceship,,,02/10/2026 11:57
c7d84cba-fc1b-438d-bd05-76bad259ced1,transport.apartments,available,57.99,57.99,high,low,9,namesilo,,,02/10/2026 11:57
763b1558-e129-4f11-bbb4-b0a025ec198e,transport.tires,available,72.44,72.44,high,low,9,spaceship,,,02/10/2026 11:57
5da29b29-c235-494a-b3af-2753d645838e,transport.coffee,available,16.99,42.99,high,low,9,namesilo,,,02/10/2026 11:57
275ea253-8f36-4a65-93fb-d4ea6f087a9f,transport.moe,premium,96,14.16,high,low,9,namesilo,,,02/10/2026 11:57
9e9c1609-424f-4b4d-b52f-f52a3842924d,transport.furniture,available,27.99,94.99,high,low,9,namesilo,,,02/10/2026 11:57
8f24d67f-b850-4486-a6e5-faf0bae1d8eb,transportation.quest,available,1.99,17.29,high,low,14,namesilo,,,19/09/2026 03:16
1830c3e2-1eee-4c69-95d0-b4c5ef576802,transport.melbourne,available,58,58,high,low,9,namesilo,,,02/10/2026 11:57
aa22903f-c40c-407d-b730-43498f0240f4,transport.menu,available,26.96,26.96,high,low,9,porkbun,,,02/10/2026 11:57
1520738d-3b91-4808-8073-372ff878299e,transport.cooking,available,25.2,25.2,high,low,9,cloudflare,,,02/10/2026 11:57
0b583aa7-a168-4e2e-870e-d53aaa031028,transportation.boats,available,1.99,17.29,high,low,14,namesilo,,,19/09/2026 03:16
8eda8c1b-49b0-4ed0-a07f-041c07c11361,transport.com,resell,,,high,low,9,GoDaddy Online Services Cayman Islands Ltd.,02/11/1994 05:00,01/11/2027 04:00,02/10/2026 11:57
a76910d1-da65-48af-8ba2-763e3f6236c7,transport.media,resell,,,high,low,9,"Regional Network Information Center, JSC dba RU-CENTER",27/10/2020 14:49,27/10/2027 14:49,02/10/2026 11:57
c1e45f6b-7bb2-495c-82bf-50f614406339,transport.cfd,premium,384,768,high,low,9,namesilo,,,02/10/2026 11:57
b8659027-9193-449f-b659-988be17f10e8,transport.cyou,premium,384,768,high,low,9,namesilo,,,02/10/2026 11:57
5f4f719a-a6de-41f8-9a3c-fb3b87eb742a,transport.mov,premium,129.2,167.7,high,low,9,unstoppable,,,02/10/2026 11:57
72db1011-27c3-47a7-b470-43057af6ccaa,transportation.travel,available,27.99,149.99,high,low,14,namesilo,,,19/09/2026 03:16
9fb1a598-2f4c-49b8-a4b8-309da67b522b,transportation.online,premium,3450,3450,high,low,14,namesilo,,,19/09/2026 03:16
bcf8a108-b2c5-4724-a448-0153f97bd654,transport.game,available,300.2,300.2,high,low,9,cloudflare,,,02/10/2026 11:57
ce5b74a5-8cfc-4b6c-b93a-0455af22b36f,transportation.zip,premium,37.7,37.7,high,low,14,namecheap,,,19/09/2026 03:16
01f505c7-75f7-47f0-99fc-a4966618c3cf,transport.soy,premium,328.9,328.9,high,low,9,dynadot,,,02/10/2026 11:57
91d7b681-dc55-451f-a193-f73aeaa49682,transport.bargains,available,13.14,23.94,high,low,9,spaceship,,,02/10/2026 11:57
24f20cf1-91c8-4922-9b71-29b08b42f36e,transport.sbs,premium,384,768,high,low,9,namesilo,,,02/10/2026 11:57
ae076a73-9089-45e1-82c6-71d320c0521e,transportation.financial,available,23.99,58.99,high,low,14,namesilo,,,19/09/2026 03:16
78cabed6-4ff4-4076-9a7e-8887fbf4c1f8,transportation.diet,available,108.98,159.98,high,low,14,namecheap,,,19/09/2026 03:16
c08f55eb-9625-472c-aa0e-41ee807e2521,transportation.gmbh,available,45.99,45.99,high,low,14,namesilo,,,19/09/2026 03:16
8167d0bc-112d-43e0-8f06-6be01de1f70a,transportation.tienda,available,59.99,59.99,high,low,14,namesilo,,,19/09/2026 03:16
b7a0eb04-3103-4295-9acf-7c1824ca2f83,transport.sale,premium,109.53,218.86,high,low,9,porkbun,,,02/10/2026 11:57
b73fbb2d-4b77-416b-8e4a-3c85738096d8,transport.mortgage,available,62.99,62.99,high,low,9,namesilo,,,02/10/2026 11:57
0bfaaabc-3476-416d-a47f-2c20e075be83,transport.mba,available,17.99,39.99,high,low,9,namesilo,,,02/10/2026 11:57
9b8ecb80-2687-42b4-8e9b-47c9b2f59aa0,transport.loan,premium,640,77.35,high,low,9,namesilo,,,02/10/2026 11:57
6b6a2888-bb9f-478c-84fe-cc8f05a23a5d,transportation.mobile,available,22.98,26.98,high,low,14,namecheap,,,19/09/2026 03:16
be70ee47-6737-4051-8366-180772d1ed9b,transportation.foo,premium,37.7,37.7,high,low,14,namecheap,,,19/09/2026 03:16
7ca5f115-3b1b-426d-85aa-504d45ea7141,transit.fast,resell,,,high,low,7,,,,28/09/2026 15:28
6acefae2-94a9-41dc-9aaf-323a8c462cc2,transport.tours,available,5.38,49.88,high,low,9,spaceship,,,02/10/2026 11:57
f1a9cd41-1df5-489b-a030-b9880effa1f7,transport.gay,premium,55,55,high,low,9,dynadot,,,02/10/2026 11:57
934a2daf-9a10-4101-bd27-86565347f202,transport.ink,available,2.99,32.49,high,low,9,namesilo,,,02/10/2026 11:57
a2286e0a-f254-4cb4-a662-59703be06f94,transport.airforce,available,80.2,80.2,high,low,9,cloudflare,,,02/10/2026 11:57
ab6e2539-c686-4564-a492-297e2008ad4f,transportation.place,available,22.49,22.49,high,low,14,namesilo,,,19/09/2026 03:16
c9a81057-44e0-4c99-a8e0-adfad7bdd5b4,transportation.life,resell,,,high,low,14,Xin Net Technology Corporation,04/02/2020 20:34,04/02/2027 20:34,26/09/2026 09:44
a6837542-b308-4f08-a9a6-c5dcf5f36307,transport.education,available,21.62,29.11,high,low,9,dynadot,,,02/10/2026 11:57
eed650d6-6539-4ac1-8aae-f41ffde995d3,transport.link,premium,3500.2,3821.33,high,low,9,unstoppable,,,02/10/2026 11:57
e163f80e-dca6-4ff8-85fa-2a3ca4362437,transportation.football,available,25.99,25.99,high,low,14,namesilo,,,19/09/2026 03:16
b34cd2f5-18f5-43ca-ab21-bc2920ac3975,transportation.ooo,premium,58.99,23.59,high,low,14,namesilo,,,19/09/2026 03:16
d6662794-c29b-4f30-ae72-e5ebc7656e31,transport.audio,available,93.35,103.4,high,low,9,spaceship,,,02/10/2026 11:57
e7856840-a2e9-4a77-afd5-c7cd6f2ef9b4,transportation.tax,available,14.99,67.49,high,low,14,namesilo,,,19/09/2026 03:16
0cc63138-8e7c-44c5-8360-6472a4828cad,transport.llc,premium,1995,1995,high,low,9,namesilo,,,02/10/2026 11:57
8ed746cf-5887-40b3-a65c-a6f25e0df456,transportation.mortgage,available,62.99,62.99,high,low,14,namesilo,,,19/09/2026 03:16
d6161d11-ddbd-4e8f-a0f2-da755f96c842,transportation.furniture,available,27.99,94.99,high,low,14,namesilo,,,19/09/2026 03:16
deb9e445-b524-476f-bc32-e2d9a382d83b,transportation.camera,available,61.98,72.98,high,low,14,namecheap,,,19/09/2026 03:16
ed28eeeb-b086-410a-a957-41856cb12ef2,transportation.fm,available,88.99,88.99,high,low,14,namesilo,,,19/09/2026 03:16
d675f0ca-6700-4c59-853d-dda2876aec28,transportation.mba,available,17.99,39.99,high,low,14,namesilo,,,19/09/2026 03:16
2456cb3f-b035-48b5-bc51-57415b2861b2,transportation.boo,premium,76.7,76.7,high,low,14,namecheap,,,19/09/2026 03:16
6df1faa3-c74b-46aa-b4ee-1321aff29752,transport.top,resell,,,high,low,9,阿里云计算有限公司,26/03/2016 18:01,26/03/2027 18:01,02/10/2026 11:57
03b47a4e-ed7a-4bf7-b7a9-1d3218069076,transport.review,premium,5175.2,103.7,high,low,9,spaceship,,,02/10/2026 11:57
c914eb55-c61e-4ce7-a521-11a21fc7ea9a,transport.cash,resell,,,high,low,9,"Xiamen ChinaSource Internet Service Co., Ltd",19/11/2025 15:15,19/11/2026 15:15,02/10/2026 11:57
c10bb9c6-302a-478e-a1f3-14348943c09c,transportation.limited,available,36.99,36.99,high,low,14,namesilo,,,19/09/2026 03:16
184a9346-a2da-488b-8a0f-eee07e5768a3,transport.auction,premium,207.2,207.2,high,low,9,spaceship,,,02/10/2026 11:57
5b3d564f-7db8-441c-978c-5dd85087820c,transport.network,resell,,,high,low,9,"Sav.com, LLC - 10",18/09/2025 15:16,18/09/2027 15:16,02/10/2026 11:57
b24ad527-9073-424a-8744-90780a6d9012,transportation.tube,premium,2600,26,high,low,14,namecheap,,,19/09/2026 03:16
05838bb8-2c56-4b9b-8b97-930596df78dc,transport.lifestyle,available,1.8,48.98,high,low,9,namecheap,,,02/10/2026 11:57
c29df2ee-d502-442f-9c0f-9b9bc8bd39eb,transportation.florist,available,32.99,32.99,high,low,14,namesilo,,,19/09/2026 03:16
c1b1fe00-b580-418b-9a6f-e9664de35f61,transportation.delivery,available,6.75,61.99,high,low,14,namesilo,,,19/09/2026 03:16
2ee79991-462d-4379-996e-79abe3e2a0b5,transportation.living,available,1.8,48.98,high,low,14,namecheap,,,19/09/2026 03:16
49daee10-6188-4109-847e-31804fde04c8,transport.moda,available,33.32,33.32,high,low,9,spaceship,,,02/10/2026 11:57
342f2459-5c65-4139-8bb7-b305cd122d3d,transportation.berlin,available,79.98,89.98,high,low,14,namecheap,,,19/09/2026 03:16
48579f3b-656e-41c1-92ba-fcb92bed8127,transport.best,premium,102.82,102.82,high,low,9,namecheap,,,02/10/2026 11:57
5bfab451-09e6-4f27-95c2-f2adfc9abad9,transport.futbol,available,5.38,13.66,high,low,9,spaceship,,,02/10/2026 11:57
1892368e-563b-47dc-b27d-162251e6984e,transport.work,resell,,,high,low,9,West263 International Limited,13/02/2020 09:15,13/02/2027 09:15,02/10/2026 11:57
872a7ad3-a934-4b1f-ba50-796d8fe701d2,transport.living,available,5.49,39.99,high,low,9,namesilo,,,02/10/2026 11:57
86e858c1-d680-4633-b940-6c5435a97ab4,transport.store,premium,1000.2,1035.2,high,low,9,unstoppable,,,02/10/2026 11:57
6ad409d8-6597-465f-aeba-71895aa63133,transport.solar,resell,,,high,low,9,Dynadot Inc,21/01/2026 17:00,21/01/2027 17:00,02/10/2026 11:57
48642643-2b55-4ba8-8d99-e671aef66249,transport.school,available,29.18,29.18,high,low,9,spaceship,,,02/10/2026 11:57
76c24e49-9ad3-44fa-bc53-2510e84bcde3,transport.fitness,available,8.99,41.99,high,low,9,namesilo,,,02/10/2026 11:57
b2af7f27-10e2-44f2-98fd-6a1b56dc8235,transport.fail,available,40.98,50.98,high,low,9,namecheap,,,02/10/2026 11:57
bd6e2266-7c31-4133-92d1-8fe796b9e7ca,transport.faith,premium,517.7,67.48,high,low,9,spaceship,,,02/10/2026 11:57
7402c561-2968-4a2a-8754-f759250e4778,transport.exposed,available,22.49,22.49,high,low,9,namesilo,,,02/10/2026 11:57
87c8309b-0223-4efa-8530-f8653a00bb1f,transportation.moe,premium,96,14.16,high,low,14,namesilo,,,19/09/2026 03:16
47992b2a-360b-4ee9-99ae-8ab0151624d5,transportation.bayern,available,34.99,34.99,high,low,14,namesilo,,,19/09/2026 03:16
7a317dde-6743-4be9-b2e6-24ed3002eab8,transport.center,resell,,,high,low,9,"DNSPod, Inc.",11/08/2019 09:15,11/08/2027 09:15,02/10/2026 11:57
41c6c6da-ca5f-4a6d-ba4b-1c4328100f27,transport.loans,available,20,116.99,high,low,9,unstoppable,,,02/10/2026 11:57
89fc8754-1529-45d0-8350-32dd81efde43,transport.ngo,premium,650,325,high,low,9,namecheap,,,02/10/2026 11:57
d4e5517a-ed4b-44c7-b2e6-9c26cbb31647,transportation.rest,available,2.19,28.99,high,low,14,namesilo,,,19/09/2026 03:16
681137f6-f425-4d6d-9fe6-4236ccaa47c4,transport.fund,resell,,,high,low,9,"DNSPod, Inc.",15/09/2019 12:56,15/09/2027 12:56,02/10/2026 11:57
826c1e7e-404b-4d16-b065-e08a174a0121,transportation.computer,available,22.48,48.98,high,low,14,namecheap,,,19/09/2026 03:16
2dabff13-a946-4580-af0f-fcc171171dd9,transport.hot,premium,103.7,103.7,high,low,9,spaceship,,,02/10/2026 11:57
5be34e45-39bc-4105-8636-d1abf7ff84a9,transportation.cool,available,9.49,44.99,high,low,14,namesilo,,,19/09/2026 03:16
78646fb1-8e85-4763-bdc9-92c90f4c9c78,transport.black,available,15.73,51.95,high,low,9,spaceship,,,02/10/2026 11:57
86601afd-0723-4567-8ee3-c7b484025215,transportation.beer,available,1.98,43.98,high,low,14,namecheap,,,19/09/2026 03:16
74f41ea7-727a-4621-bacd-d2480d765029,transportation.music,available,47.98,52.48,high,low,14,namecheap,,,19/09/2026 03:16
288e7ad9-eb86-4c25-a5b0-1a3c0da36e93,transportation.observer,premium,11.8,11.8,high,low,14,namesilo,,,19/09/2026 03:16
13e6383a-3a7d-495a-a7b9-67bc554b2159,transport.reisen,available,16.76,16.76,high,low,9,spaceship,,,02/10/2026 11:57
1460f7cf-7397-4ada-9ac4-cd050c28787f,transport.security,available,2000.2,2000.2,high,low,9,cloudflare,,,02/10/2026 11:57
98b5c908-903c-4344-9726-50f722a6bc40,transport.ong,premium,650,325,high,low,9,namecheap,,,02/10/2026 11:57
277b714b-4ff7-4002-b099-59f14c5d256e,transportation.domains,available,42.99,42.99,high,low,14,namesilo,,,19/09/2026 03:16
ad1923c7-50e9-44ff-87fb-a01e21c6b380,transportation.surf,resell,,,high,low,14,"Spaceship, Inc.",26/11/2025 16:30,26/11/2026 16:30,26/09/2026 09:44
a48bf9c6-0775-4cbb-b90e-1e0423f01a8e,transportation.bingo,available,53.99,53.99,high,low,14,namesilo,,,19/09/2026 03:16
072a5729-9ea1-4f19-8d3e-155c2202fd30,transport.auto,available,1999.99,2199,high,low,9,namesilo,,,02/10/2026 11:57
ac3735a7-c0d2-4deb-9db8-219410675f81,transportation.hosting,available,309.99,429.99,high,low,14,namesilo,,,19/09/2026 03:16
9bd87af7-a919-4106-959e-a861794637cc,transport.sarl,available,5.2,5.2,high,low,9,cloudflare,,,02/10/2026 11:57
852ca456-78c9-49f6-87f3-1953eb54f96d,transportation.fan,available,57.98,68.98,high,low,14,namecheap,,,19/09/2026 03:16
9f8bda0c-3693-44d5-9348-2e930aaee7de,transport.plumbing,available,58.16,58.16,high,low,9,spaceship,,,02/10/2026 11:57
a3791335-7e92-4350-8782-2ed7ec35d04c,transport.theatre,available,515.45,515.45,high,low,9,porkbun,,,02/10/2026 11:57
86a06269-e242-4d21-bfa7-4889e56cc6b0,transport.webcam,available,10.18,10.18,high,low,9,cloudflare,,,02/10/2026 11:57
7b2222dd-b1da-46ed-bde1-790a5af25f9d,transport.uno,premium,517.7,517.7,high,low,9,spaceship,,,02/10/2026 11:57
8d0e726f-9a1b-4788-90dc-25032a73e4c1,transport.computer,available,30.2,30.2,high,low,9,cloudflare,,,02/10/2026 11:57
444c6f53-a5f4-43ac-924e-c9ac78f06022,transportation.cab,available,32.99,32.99,high,low,14,namesilo,,,19/09/2026 03:16
af91324c-8b1a-490f-a19d-9a67a6eff84a,transportation.agency,premium,78.54,78.54,high,low,14,namesilo,,,19/09/2026 03:16
6902fd1a-3159-4030-8df5-05dca4c2b717,transportation.press,premium,640,640,high,low,14,namesilo,,,19/09/2026 03:16
af6cd3dc-da9d-48cb-8377-4408c4678546,transportation.works,available,7.99,38.99,high,low,14,namesilo,,,19/09/2026 03:16
31c33ac9-fd98-4497-9f51-d2a596891711,transport.green,premium,1995,1995,high,low,9,namesilo,,,02/10/2026 11:57
4a14ab4e-906b-49a1-932a-626d501891ee,transportation.country,available,2298,2450,high,low,14,namecheap,,,19/09/2026 03:16
8ef2ff23-6c25-4a5b-ab4c-7d251ab2bb4c,transport.management,available,25.99,25.99,high,low,9,namesilo,,,02/10/2026 11:57
63beaba2-caf9-4570-9b25-9154ef96b096,transport.co,resell,,,high,low,9,Hello Internet Corp.,25/02/2010 01:17,24/02/2027 23:59,02/10/2026 11:57
2e099566-6298-45c9-a759-51fc23b68018,transportation.cruises,available,56.99,56.99,high,low,14,namesilo,,,19/09/2026 03:16
bb013c05-2b98-4d62-b2a7-e7913558bfe1,transportation.giving,available,7.48,35.98,high,low,14,namecheap,,,19/09/2026 03:16
594e0c3a-6ccd-4446-8da8-869dff86383e,transportation.casino,available,14.99,159.99,high,low,14,namesilo,,,19/09/2026 03:16
ce8ad5e2-5cf5-4470-bc99-b3204df1882b,transport.mobile,premium,655.52,655.52,high,low,9,porkbun,,,02/10/2026 11:57
4c867ffc-89ae-41b7-b8c0-3ae0834b71ae,transportation.sex,available,69.98,154.98,high,low,14,namecheap,,,19/09/2026 03:16
4f44782c-49e4-41ca-805e-29daeef38f43,transportation.farm,available,15.99,38.99,high,low,14,namesilo,,,19/09/2026 03:16
52a44a27-1d3d-4b02-bd8f-b358901f54d6,transport.forex,available,10.55,83,high,low,9,spaceship,,,02/10/2026 11:57
7e5cd50c-34fa-43a2-9814-e244c75986eb,transport.care,premium,51.43,102.67,high,low,9,spaceship,,,02/10/2026 11:57
9dc07ff8-aac1-44b4-a61d-82593ee1f165,transportation.irish,available,7.49,22.49,high,low,14,namesilo,,,19/09/2026 03:16
44444dd2-d3ce-497f-a9ac-f96d57094dfb,transport.autos,resell,,,high,low,9,"Sav.com, LLC - 9",05/09/2026 14:44,05/09/2027 23:59,02/10/2026 11:57
fc3f92a7-6bc3-4b58-b6e1-a2db1215d942,transport.fm,available,67.98,87.72,high,low,9,spaceship,,,02/10/2026 11:57
72ac2381-87c7-4bec-9e3d-1325cd5fb2a3,transportation.ceo,resell,19.99,,high,low,14,"GoDaddy.com, LLC",29/04/2026 21:18,29/04/2027 23:59,26/09/2026 09:44
80fc8d41-5299-4343-9ae4-e15facbf321a,transport.trade,resell,,,high,low,9,"Spaceship, Inc.",13/08/2019 13:38,13/08/2027 13:38,02/10/2026 11:57
065cbac1-3b7a-4b60-9514-a86d7f692e47,transportation.haus,available,11.98,37.98,high,low,14,namecheap,,,19/09/2026 03:16
2965c8e5-f9b7-48a9-87c7-e668da7f589b,transport.barcelona,available,38.98,38.98,high,low,9,namecheap,,,02/10/2026 11:57
0f699354-2078-435b-9781-643cc5c921c9,transport.credit,available,80.2,80.2,high,low,9,cloudflare,,,02/10/2026 11:57
50286f93-bd65-47e2-80e9-084bdf745563,transportation.moi,available,25.99,25.99,high,low,14,namesilo,,,19/09/2026 03:16
c5cb5e53-2612-4218-a5cc-e4e0bfce6dbd,transport.kim,available,12.99,23.49,high,low,9,namesilo,,,02/10/2026 11:57
2166221f-7e02-486a-95a4-8a51a8f4cc20,transport.party,premium,448,53.92,high,low,9,namesilo,,,02/10/2026 11:57
8c4508e4-934a-4aff-b718-ecad898f1eb7,transportation.contact,available,13.98,16.78,high,low,14,namecheap,,,19/09/2026 03:16
9705f4fb-6e0f-46cb-b496-d3797189a8bc,transport.cheap,available,5.98,49.98,high,low,9,namecheap,,,02/10/2026 11:57
333636f4-383a-425b-98fa-f0fc98c0fbc3,transportation.salon,available,57.99,57.99,high,low,14,namesilo,,,19/09/2026 03:16
2107b862-28ff-4074-9d54-df4b89d150f4,transportation.apartments,available,57.99,57.99,high,low,14,namesilo,,,19/09/2026 03:16
f6a2db61-564e-4957-91ca-cb5f9f5bc611,transport.rich,available,94.99,1999,high,low,9,namesilo,,,02/10/2026 11:57
68f6c664-2693-49b4-bcdc-0fbc44ab05eb,transport.beauty,resell,,,high,low,9,"Spaceship, Inc.",17/02/2026 14:15,17/02/2027 23:59,02/10/2026 11:57
33e5b4f7-dd13-4500-8ca4-caba2f502a1b,transportation.paris,available,66.98,66.98,high,low,14,namecheap,,,19/09/2026 03:16
5c7a4d49-6c48-458f-85a9-cc289752e2a2,transportation.markets,available,5.98,26.98,high,low,14,namecheap,,,19/09/2026 03:16
a0ed7793-c798-435d-ab8c-d9ea3339a3bf,freight.fast,premium,258.95,258.95,high,low,7,spaceship,,,01/10/2026 16:25
3da63fbc-59c1-4815-859a-6e8dbe8441ee,transport.cricket,premium,448,53.92,high,low,9,namesilo,,,02/10/2026 11:57
eafc0b04-8f63-4c99-b460-870ff624cd4e,transportation.cyou,premium,68.43,147.2,high,low,14,namesilo,,,19/09/2026 03:16
f2161f0f-e8d1-468f-8b56-1d4572446ba7,transportation.vet,available,41.99,41.99,high,low,14,namesilo,,,19/09/2026 03:16
91e5ff27-a495-417e-a09e-e52dd352bd6a,transport.kiwi,available,31.98,35.68,high,low,9,namecheap,,,02/10/2026 11:57
37db93aa-a513-4ca8-85bd-01a9fd1f0ceb,transport.builders,available,35.99,35.99,high,low,9,namesilo,,,02/10/2026 11:57
611dd427-711f-498f-a274-baf538336c48,transport.lat,available,1.99,32.49,high,low,9,namesilo,,,02/10/2026 11:57
5c6b4c96-c6fb-457d-8e13-52c968e99ee3,transport.plus,resell,,,high,low,9,"Xiamen ChinaSource Internet Service Co., Ltd",01/10/2021 17:00,01/10/2027 17:00,02/10/2026 11:57
27e8bad4-2a75-40c2-831b-88b54a300d46,transportation.pet,premium,1107,1107,high,low,14,namesilo,,,19/09/2026 03:16
39a40ec7-2e2b-491f-9b76-4be4a236f1c0,transportation.supply,available,25.99,25.99,high,low,14,namesilo,,,19/09/2026 03:16
1aeed2d6-3373-4037-a949-1018553282e3,transport.market,premium,1040,1040,high,low,9,namecheap,,,02/10/2026 11:57
f196fe90-6c26-488d-82ab-da6f4c7d4d31,transportation.vodka,available,32.49,32.49,high,low,14,namesilo,,,19/09/2026 03:16
ee81eeb2-5989-476f-8a2b-135263dd56da,transportation.dad,premium,76.7,76.7,high,low,14,namecheap,,,19/09/2026 03:16
65a7069e-4b8a-436f-b579-a5b221bb2e38,transport.page,premium,516.67,516.67,high,low,9,spaceship,,,02/10/2026 11:57
08120dcd-d8e7-4a9f-a799-06381f80c7cc,transportation.now,resell,130,130,high,low,14,"Spaceship, Inc.",17/04/2026 15:51,17/04/2027 15:51,26/09/2026 09:44
afcfc0ae-3565-4fd3-a9ae-95adbc79d367,transport.claims,available,10.55,51.95,high,low,9,spaceship,,,02/10/2026 11:57
b80280bf-97b5-4a97-8c32-1c670081481a,transportation.memorial,available,52.99,52.99,high,low,14,namesilo,,,19/09/2026 03:16
0008bbc9-e540-40d1-a828-46c7e67f64cb,transportation.cash,available,4.98,50.98,high,low,14,namecheap,,,19/09/2026 03:16
9393f112-cda2-46e4-a956-08444fde28b1,transportation.hospital,available,57.99,57.99,high,low,14,namesilo,,,19/09/2026 03:16
82d6ca7e-c2f6-4894-a5fc-dddd839a29e6,transport.football,available,20.9,20.9,high,low,9,spaceship,,,02/10/2026 11:57
0809bff0-05ce-40e1-a09f-e246b32026e0,transport.kids,premium,53.92,21.24,high,low,9,namesilo,,,02/10/2026 11:57
eee3d366-eaef-411d-941a-0fce4956c9f1,transportation.you,premium,53.92,53.92,high,low,14,namesilo,,,19/09/2026 03:16
52a93301-e4ef-430c-9c9c-90fa6ad74bc1,transport.catering,available,30.2,30.2,high,low,9,cloudflare,,,02/10/2026 11:57
0231753a-4d52-4892-a419-5f32f5cdcac0,transportation.band,available,20.99,31.49,high,low,14,namesilo,,,19/09/2026 03:16
af75dda7-5b90-458b-95bc-843629fb8cf7,transportation.immobilien,available,37.99,37.99,high,low,14,namesilo,,,19/09/2026 03:16
6d8a70fb-2287-45f6-8f0a-63e3c58386c4,transport.berlin,premium,396.5,396.5,high,low,9,namecheap,,,02/10/2026 11:57
fde8d1bc-703d-4cb1-9304-0404cb1ae74f,transportation.sale,premium,118.8,118.8,high,low,14,namesilo,,,19/09/2026 03:16
36c39fb4-92d0-47e9-9526-37690370cce4,transport.vodka,available,32.49,32.49,high,low,9,namesilo,,,02/10/2026 11:57
5ed1b35d-796f-4fc4-aac6-7f4d9ad37f60,transportation.accountants,available,122.98,145.98,high,low,14,namecheap,,,19/09/2026 03:16
bb667187-c6f3-40d3-b520-71a617bd8291,transportation.energy,available,15.99,114.99,high,low,14,namesilo,,,19/09/2026 03:16
73b86e7d-642d-4970-a3c5-bb6e557be121,transportation.singles,available,9.49,33.99,high,low,14,namesilo,,,19/09/2026 03:16
229d64d3-6627-48c5-b002-0b58a67b00cc,transportation.rodeo,available,12.99,12.99,high,low,14,namesilo,,,19/09/2026 03:16
2040f8e4-b7e9-4932-a62e-95ed2c6e3e2c,transport.design,premium,258.95,258.95,high,low,9,spaceship,,,02/10/2026 11:57
a36c2763-6138-467b-a7c5-09edccd729a1,transport.florist,available,32.99,32.99,high,low,9,namesilo,,,02/10/2026 11:57
0964d393-be8a-4c55-9be2-e1257fa55104,transportation.car,available,1999.99,2199,high,low,14,namesilo,,,19/09/2026 03:16
8601535f-409f-4ef7-94e0-ccf46de9b2b1,transport.biz,resell,,,high,low,9,"GoDaddy.com, LLC",27/03/2002 02:57,26/03/2027 23:59,02/10/2026 11:57
397a74b0-d1fc-4015-8b9f-69a61540d7f8,transportation.uno,premium,325,325,high,low,14,namecheap,,,19/09/2026 03:16
7f3b0272-f0bf-4aa1-a3ce-f48dc54bc47b,transport.cool,resell,,,high,low,9,Squarespace Domains II LLC,09/03/2023 15:15,09/03/2027 15:15,02/10/2026 11:57
fe86a25c-962f-48ba-8c32-5b7f001639a2,transportation.new,available,488.98,601.98,high,low,14,namecheap,,,19/09/2026 03:16
4612175e-82b9-485a-906a-25df4bd76cd7,transport.luxury,available,26.26,26.26,high,low,9,porkbun,,,02/10/2026 11:57
f8e67748-a99b-4a55-8783-e90de863072c,transportation.talk,premium,71.4,71.4,high,low,14,namesilo,,,19/09/2026 03:16
99a8859c-5488-4838-ade5-faed5562218c,transportation.tennis,available,65.99,65.99,high,low,14,namesilo,,,19/09/2026 03:16
d632025b-2108-48d0-8d2c-84c5f6e9f027,transport.london,premium,1093.82,27.54,high,low,9,spaceship,,,02/10/2026 11:57
30bb3255-1621-43bf-80ec-0da330b55d7a,transport.download,premium,455,65,high,low,9,namecheap,,,02/10/2026 11:57
82d3cacd-afa9-4a8c-8fb8-cd386d1ade62,transport.city,resell,,,high,low,9,"DNSPod, Inc.",24/12/2020 08:25,24/12/2026 08:25,02/10/2026 11:57
2f2011af-22b8-4a3c-8e8c-1fdcbc0af794,transportation.sucks,available,218.99,218.99,high,low,14,namesilo,,,19/09/2026 03:16
1be965bd-073c-4983-8fdd-e82570cc5b6b,transport.food,available,30.2,30.2,high,low,9,cloudflare,,,02/10/2026 11:57
73f28c93-c5ec-4ccf-8e6e-673cb6f385ec,transportation.dating,available,20.99,64.99,high,low,14,namesilo,,,19/09/2026 03:16
d4bb5679-661a-403e-ba1c-936ee3e6c2c5,transport.industries,premium,207.2,207.2,high,low,9,spaceship,,,02/10/2026 11:57
75ecc36c-04bb-40a3-ae7c-ae0a335f24f0,transportation.tattoo,available,34.99,34.99,high,low,14,namesilo,,,19/09/2026 03:16
f9fbc33d-7bc0-4b65-b269-6be863e32c4f,transportation.promo,resell,,,high,low,14,IONOS SE,27/11/2025 23:28,27/11/2026 23:28,26/09/2026 09:44
786173f7-ba0c-4b07-8db0-1736c3158770,transportation.vin,available,6.98,75.98,high,low,14,namecheap,,,19/09/2026 03:16
e162cc5c-e2e0-4ea3-9165-dce69583f11d,transportation.catering,premium,78.54,78.54,high,low,14,namesilo,,,19/09/2026 03:16
d7392551-cf51-45be-a90d-6be33545504e,transportation.bz,available,21.98,26.98,high,low,14,namecheap,,,19/09/2026 03:16
0f1271d8-1548-4265-948f-16485971f77a,transport.doctor,available,13.5,116.99,high,low,9,unstoppable,,,02/10/2026 11:57
c4fda8b8-eab2-450c-9554-3e4e616234d5,transport.productions,available,6.48,50.98,high,low,9,namecheap,,,02/10/2026 11:57
1220755f-315e-4f58-8a71-1b19eba235d2,transport.tickets,available,359.99,488.88,high,low,9,namesilo,,,02/10/2026 11:57
0ce5d425-f8a1-4b98-b852-92d17d61a8b9,transport.ceo,available,10.19,129.99,high,low,9,namesilo,,,02/10/2026 11:57
13c2f7e1-1188-479e-b222-0c5700b7984f,transport.haus,available,10.92,28.04,high,low,9,dynadot,,,02/10/2026 11:57
e2be5dae-1f90-4c4d-9ed8-e33270679416,transport.coach,available,17.99,77.99,high,low,9,namesilo,,,02/10/2026 11:57
bc3efabb-af89-492c-966b-224d894af6bd,transportation.business,premium,118.8,118.8,high,low,14,namesilo,,,19/09/2026 03:16
4d68db9a-835f-4a2f-af55-6295517a9554,transport.gratis,premium,108.9,108.9,high,low,9,dynadot,,,02/10/2026 11:57
2d847a58-8258-4933-9ac8-46e4a4888209,transport.meme,premium,150.2,195,high,low,9,unstoppable,,,02/10/2026 11:57
038fa2fa-5b16-45a7-9aa6-1c9ab670e9cb,transportation.protection,available,1999.99,2049.99,high,low,14,namesilo,,,19/09/2026 03:16
c59bdd12-b729-46f1-9889-5d9b840a4c62,transport.pet,premium,1107,1107,high,low,9,namesilo,,,02/10/2026 11:57
7ba3895e-14eb-463d-aa8e-7aaf0645c3e7,transportation.tours,available,10.99,61.99,high,low,14,namesilo,,,19/09/2026 03:16
ce5abac1-dec4-4d0c-ad4a-e0733a1c388e,transportation.dog,available,7.49,64.99,high,low,14,namesilo,,,19/09/2026 03:16
3b313cb4-bb0f-4bd1-bf0b-7f1be33e675d,transportation.esq,premium,115.7,115.7,high,low,14,namecheap,,,19/09/2026 03:16
617def26-49da-44c2-917c-2eca7f79a40f,transport.systems,resell,,,high,low,9,"GoDaddy.com, LLC",19/03/2014 16:00,19/03/2027 16:00,02/10/2026 11:57
165244ae-96fa-42b1-826d-8586898854ac,transport.community,available,35.2,35.2,high,low,9,cloudflare,,,02/10/2026 11:57
bc2585a5-ca80-4e15-91e9-350450e0f1ba,transport.gold,resell,,,high,low,9,"DNSPod, Inc.",23/11/2019 12:11,23/11/2026 12:11,02/10/2026 11:57
beb70fda-1e0c-465e-a7ed-0a907d74a05d,transport.toys,available,17,51.95,high,low,9,unstoppable,,,02/10/2026 11:57
52424e94-a755-477d-8182-c8074cf3d588,transport.accountant,premium,362.45,51.95,high,low,9,spaceship,,,02/10/2026 11:57
5cb02310-89db-46c9-9788-9b9b06aa5def,transportation.name,available,8.98,9.98,high,low,14,namecheap,,,19/09/2026 03:16
e7339d8f-e31b-479a-84a9-e9fc0f43ff12,transport.one,premium,6900,6900,high,low,9,namesilo,,,02/10/2026 11:57
d3068832-9cea-4f0a-9e16-8c971320e4d0,transport.casa,premium,41.6,10.55,high,low,9,spaceship,,,02/10/2026 11:57
eafafde1-1804-46ba-8b28-60f866a4e2e0,transport.glass,available,60.14,60.14,high,low,9,dynadot,,,02/10/2026 11:57
c330e2b6-8282-4565-8764-0b3f0d3c0765,transport.fishing,available,32.49,32.49,high,low,9,namesilo,,,02/10/2026 11:57
82fb4b50-72db-441d-9d92-91d75908ca78,transportation.video,available,14.99,36.49,high,low,14,namesilo,,,19/09/2026 03:16
11c96548-2932-451d-ae12-204494c02b7f,transport.lease,available,43.2,43.2,high,low,9,cloudflare,,,02/10/2026 11:57
486a8b81-2eac-4272-b983-d39a34d11b29,transit.limo,available,42.2,42.2,high,low,7,cloudflare,,,28/09/2026 15:28
0379e789-3511-41ff-bd27-43a4a3a98b10,transportation.sh,available,39.99,47.99,high,low,14,namesilo,,,19/09/2026 03:16
5803b50e-e1c6-49de-8fa6-ec9388cee449,transportation.photos,available,15.99,29.99,high,low,14,namesilo,,,19/09/2026 03:16
33ec6f6b-3918-4fce-b1f1-5fa145d2e6ad,transport.hamburg,available,69.98,73.98,high,low,9,namecheap,,,02/10/2026 11:57
b4c354b0-d457-428b-81e3-5826c7a2af1c,transport.wedding,premium,47.2,29.5,high,low,9,namesilo,,,02/10/2026 11:57
54fe0e7f-07a5-406e-b73b-1167f3628321,transport.games,available,33.99,33.99,high,low,9,namesilo,,,02/10/2026 11:57
dbd1faee-230d-4da2-b0e9-a2c012b234cf,transportation.degree,available,52.99,52.99,high,low,14,namesilo,,,19/09/2026 03:16
e1de3255-59b7-4aa7-9ed9-05617e5aa50e,transport.space,premium,647.08,2587.7,high,low,9,spaceship,,,02/10/2026 11:57
f2dc3bd1-6125-4030-bb5d-cae60f28ecb2,transportation.luxury,premium,520,520,high,low,14,namecheap,,,19/09/2026 03:16
bd206e52-cc4e-465d-8b3b-de4b97895873,transportation.so,available,68.98,,high,low,14,namecheap,,,
6c18b6fa-3bfe-457f-b3ec-a28f8c863c28,transportation.associates,available,18.99,38.99,high,low,14,namesilo,,,19/09/2026 03:16
ed4831c1-b338-4945-92cb-eabffc7b9abf,transport.graphics,available,23.99,23.99,high,low,9,namesilo,,,02/10/2026 11:57
2a3fe83d-f5bd-4213-a04e-807d44259a44,transportation.theater,available,67.98,80.98,high,low,14,namecheap,,,19/09/2026 03:16
8d660492-b4f7-4b6a-8c4e-0b1c57e4d000,transport.reise,available,27.89,97.99,high,low,9,namesilo,,,02/10/2026 11:57
6a76a63c-273a-476a-8dd9-a0b359c4675e,transportation.hiphop,available,25.98,33.98,high,low,14,namecheap,,,19/09/2026 03:16
96eb95b7-aa8b-4008-98db-2aea21fe6005,transportation.adult,available,69.98,166.98,high,low,14,namecheap,,,19/09/2026 03:16
2101f82b-577a-487c-b4a3-2ef9a3ce66f8,transportation.ag,available,89.99,79.99,high,low,14,namesilo,,,19/09/2026 03:16
54a8f952-b521-4515-a9ed-5b343d9fd9bc,transportation.exposed,available,22.98,28.98,high,low,14,namecheap,,,19/09/2026 03:16
fd9cbca7-883c-4eb9-90ce-13b8c89b3a2e,transportation.flowers,available,64.99,114.99,high,low,14,namesilo,,,19/09/2026 03:16
977fc1ff-fd83-492a-83e0-ec4a004a2504,transport.dealer,premium,1604.45,2070.2,high,low,9,spaceship,,,02/10/2026 11:57
09815706-1c8c-4979-9638-ad2189776bab,transportation.academy,available,17.99,46.99,high,low,14,namesilo,,,19/09/2026 03:16
14a5c660-2e10-4925-bbc4-66288dcb005e,transport.works,resell,,,high,low,9,,,,02/10/2026 11:57
6f6da37e-0b5a-4eb1-95b4-57084bba6d5b,transportation.food,available,5.49,39.99,high,low,14,namesilo,,,19/09/2026 03:16
f99e968b-1135-4451-9af0-d50ea48da327,transport.observer,premium,13,13,high,low,9,namecheap,,,02/10/2026 11:57
8189af4c-9ad0-45e8-b12d-4b0b5a8e9ed5,transportation.win,available,5.25,6.25,high,low,14,namesilo,,,19/09/2026 03:16
47fb1949-d044-4154-b55c-4a9ce17c3286,transportation.bar,available,3.49,54.99,high,low,14,namesilo,,,19/09/2026 03:16
9483c856-1004-4c70-818e-8acce7a296b9,transport.nexus,premium,133.72,133.72,high,low,9,spaceship,,,02/10/2026 11:57
be449c5b-6eaf-4dc4-b0a4-d09dae97265b,transport.parts,available,32.2,32.2,high,low,9,cloudflare,,,02/10/2026 11:57
704ee492-4fb4-4f8b-9bc5-f7eb2fc7cf08,transportation.city,premium,78.54,78.54,high,low,14,namesilo,,,19/09/2026 03:16
e8dc8edc-8521-4040-8ca4-17fe582ef154,transport.courses,premium,207.2,207.2,high,low,9,spaceship,,,02/10/2026 11:57
73649106-9d59-4bd5-b3a6-8a668f1b7a92,transport.locker,premium,318.46,8.8,high,low,9,namesilo,,,02/10/2026 11:57
06c5ca5d-c147-47fe-9b89-3f733501829f,transport.actor,available,16,44.49,high,low,9,unstoppable,,,02/10/2026 11:57
99ed2b39-6779-4eac-8341-d82bc37ed49e,transportation.party,resell,,,high,low,14,Key-Systems LLC,12/12/2017 16:30,12/12/2026 16:30,26/09/2026 09:44
817facbd-0559-432a-81c1-d0e44e2043ff,transport.blog,premium,517.7,2070.2,high,low,9,spaceship,,,02/10/2026 11:57
0f32b329-3a6c-4b5f-a578-6891e80ee0c6,transport.cafe,available,40.2,40.2,high,low,9,cloudflare,,,02/10/2026 11:57
db57727b-75d5-4f59-8acb-3278d89c5967,transport.clothing,available,26.08,26.08,high,low,9,spaceship,,,02/10/2026 11:57
6cb6bbba-aa0d-46a7-89ba-1e0ddcaca557,transportation.codes,available,8.99,71.99,high,low,14,namesilo,,,19/09/2026 03:16
368fe175-7eb0-4c2d-a239-b2a52598a723,transportation.ltda,premium,56.64,33.04,high,low,14,namesilo,,,19/09/2026 03:16
2fc0a3da-2a4b-4e6f-8785-fecba1a211bf,transportation.fit,available,2.99,32.49,high,low,14,namesilo,,,19/09/2026 03:16
49b737ba-8411-40c9-8f5c-4dbcb4b072c4,transportation.rip,available,24.98,32.98,high,low,14,namecheap,,,19/09/2026 03:16
2f55a525-624e-4213-bf96-a0f19cfe2adc,transportation.menu,available,27.99,27.99,high,low,14,namesilo,,,19/09/2026 03:16
68dfc69f-57e8-4e50-b9b5-a247120db405,transport.run,resell,,,high,low,9,"DNSPod, Inc.",19/01/2024 15:15,19/01/2027 15:15,02/10/2026 11:57
cbf70db4-a205-4cf3-8069-df0ce61b16fd,transportation.loans,available,20.99,116.99,high,low,14,namesilo,,,19/09/2026 03:16
fcac9824-02fa-4666-ac71-8c2ef8784f45,transportation.storage,available,509.99,529.99,high,low,14,namesilo,,,19/09/2026 03:16
95c34568-ed8c-42ed-8554-e1a0c8de755a,transport.army,available,15.73,31.25,high,low,9,spaceship,,,02/10/2026 11:57
a81d1bbe-cddd-4a2b-bd49-1e451232545b,transit.viajes,available,35.18,35.18,high,low,7,spaceship,,,28/09/2026 15:28
db49d861-1b09-4ce4-af29-5ba56c68853c,transportation.yoga,available,32.49,32.49,high,low,14,namesilo,,,19/09/2026 03:16
bf83541a-cd58-4930-ac18-7382655acf30,transportation.racing,available,12.98,16.98,high,low,14,namecheap,,,19/09/2026 03:16
4877b4fd-af3f-427f-b1ad-9009f944788a,transportation.monster,available,1.99,17.29,high,low,14,namesilo,,,19/09/2026 03:16
25a0f2c4-541f-4a1c-97e9-c6dd9f4cbea2,transport.dating,available,50.2,50.2,high,low,9,cloudflare,,,02/10/2026 11:57
266c1b0d-b36e-4228-aee7-31144e13cd9f,transportation.schule,available,28.99,28.99,high,low,14,namesilo,,,19/09/2026 03:16
1a8fd204-f8d7-4611-82ac-91259bb6ceab,transportation.science,premium,640,77.35,high,low,14,namesilo,,,19/09/2026 03:16
e58b6d6e-8934-480f-920e-84aeab7f7f4d,transport.protection,available,1999.99,2049.99,high,low,9,namesilo,,,02/10/2026 11:57
7757f9ee-ec43-4df0-84b0-b6d02c434a3f,transportation.limo,available,54.99,54.99,high,low,14,namesilo,,,19/09/2026 03:16
acc382bc-a496-4ab3-8470-6529eac129d4,transport.storage,available,509.99,529.99,high,low,9,namesilo,,,02/10/2026 11:57
9f488175-8ced-4815-9e55-c103c72d4958,transportation.reisen,available,3.99,20.99,high,low,14,namesilo,,,19/09/2026 03:16
4007ff76-4b95-425c-8c17-5338f057baed,transportation.casa,available,2.19,12.99,high,low,14,namesilo,,,19/09/2026 03:16
b1c1312a-27d7-42d3-97d1-87d758574434,transport.blue,available,12.62,19.87,high,low,9,spaceship,,,02/10/2026 11:57
3d64f1ec-4142-452e-8907-5b7899cc6bb9,transport.gift,available,14.99,14.99,high,low,9,namesilo,,,02/10/2026 11:57
77715875-c667-45b6-8a8c-67920c4ea829,transport.srl,available,31.99,31.99,high,low,9,namesilo,,,02/10/2026 11:57
d543207f-327e-49fd-a931-6483fd4b289a,transport.cv,premium,1339.98,8.85,high,low,9,namesilo,,,02/10/2026 11:57
d7e0c080-4ae2-438a-9085-37dcbb942dba,transport.irish,available,7,17.8,high,low,9,unstoppable,,,02/10/2026 11:57
4722a6f3-058d-4863-8fc4-5aff4a18d49c,transport.bio,resell,,,high,low,9,Dynadot Inc,28/04/2026 06:20,28/04/2027 06:20,02/10/2026 11:57
b67499c4-4961-432a-8fe1-179e3150f34f,transportation.villas,available,59.99,59.99,high,low,14,namesilo,,,19/09/2026 03:16
d86022f1-a6d4-4205-8a25-aed1b47ee6b5,transport.host,premium,1107,1107,high,low,9,namesilo,,,02/10/2026 11:57
24149529-53ba-4f28-bd18-622099ed66f6,transit.cab,available,32.99,32.99,high,low,7,namesilo,,,28/09/2026 15:28
3c568b32-f6a3-454d-9bcd-07b6bcf65879,transportation.graphics,available,22.98,31.98,high,low,14,namecheap,,,19/09/2026 03:16
d47274d8-5893-4c01-9a92-6487de39defb,transport.bot,resell,,,high,low,9,"NameCheap, Inc",22/11/2023 14:28,22/11/2026 14:28,02/10/2026 11:57
d8a23ffd-c132-4e7b-a681-5d5800afe492,transport.foo,premium,129.2,167.7,high,low,9,unstoppable,,,02/10/2026 11:57
f54298c9-c6ae-45c8-aedc-2fcabc006f31,transportation.insure,available,72.99,72.99,high,low,14,namesilo,,,19/09/2026 03:16
a3a656f6-b7c2-47c2-abe3-301dc8a77981,transport.archi,available,19.99,103.99,high,low,9,namesilo,,,02/10/2026 11:57
e4d954a5-b71c-4f7e-a3f1-dc19be8893e9,transportation.social,resell,,,high,low,14,Dynadot Inc,12/02/2026 17:00,12/02/2027 17:00,26/09/2026 09:44
4357b3e8-300b-4882-b3ae-c299fdb690a5,transportation.clinic,available,20.99,64.99,high,low,14,namesilo,,,19/09/2026 03:16
a10aa8a7-4a5c-4e5c-81c5-ee60dbdd40b2,transportation.onl,available,5.49,23.49,high,low,14,namesilo,,,19/09/2026 03:16
fdcedd0f-f265-4aa6-8978-bf3877ec40b8,transport.family,premium,512,512,high,low,9,namesilo,,,02/10/2026 11:57
3279c003-4eb3-40ad-b329-1f4bf6fff72f,transport.social,resell,,,high,low,9,"Spaceship, Inc.",05/05/2026 18:28,05/05/2027 18:28,02/10/2026 11:57
61dfe998-ace0-446b-b92c-d242355c2d54,transportation.watch,available,3.48,56.98,high,low,14,namecheap,,,19/09/2026 03:16
d6a52b76-1241-43b5-9acd-8df5f3b480ab,transportation.build,premium,1950,1950,high,low,14,namecheap,,,19/09/2026 03:16
cc65d5a5-bbe1-42ca-af69-8cb480346d8f,transportation.organic,available,17.99,85.99,high,low,14,namesilo,,,19/09/2026 03:16
8ae5c865-5609-49f1-aeca-331f9e85401d,transportation.ltd,premium,118.8,118.8,high,low,14,namesilo,,,19/09/2026 03:16
fcf79178-074a-463a-abe1-2191622664b6,transport.baby,available,1.18,51.8,high,low,9,spaceship,,,02/10/2026 11:57
4aec6d60-7b20-4e96-b44e-1f4a9286ad4c,transportation.properties,available,18.99,39.99,high,low,14,namesilo,,,19/09/2026 03:16
d85a00a4-eaff-4c19-ad84-87b034416db9,transportation.wtf,available,2.98,49.48,high,low,14,namecheap,,,19/09/2026 03:16
8ff800de-1ea2-4e86-b1d2-9583d04ba5a5,transportation.airforce,available,103.99,103.99,high,low,14,namesilo,,,19/09/2026 03:16
e137c5ae-27a0-4868-9b14-6f94584cbca0,transport.art,premium,1250.2,72.65,high,low,9,unstoppable,,,02/10/2026 11:57
a3a5fd33-ccd5-4962-9a24-85f9a1ba0cbb,transport.wtf,resell,,,high,low,9,"Sav.com, LLC - 30",07/06/2026 15:15,07/06/2027 15:15,02/10/2026 11:57
761f9577-c611-48d7-abc0-29f66341f7e8,transport.voto,available,10.92,58,high,low,9,dynadot,,,02/10/2026 11:57
a3f1e001-e0ab-4835-8bc9-be7a228e42ef,transport.realty,available,88.18,289.16,high,low,9,spaceship,,,02/10/2026 11:57
34985481-9754-4674-94af-c5a009d966f7,transportation.io,resell,,,high,low,14,"GoDaddy.com, LLC",22/07/2014 06:42,22/07/2027 06:42,26/09/2026 09:44
2e319cbb-1a85-4821-8e21-19ee52b5d0c3,transportation.fail,available,40.98,50.98,high,low,14,namecheap,,,19/09/2026 03:16
9ba8f9d4-9074-4a62-881d-2f18e0ac9af7,transportation.forsale,premium,118.8,118.8,high,low,14,namesilo,,,19/09/2026 03:16
55eb6abe-4d91-4926-b9a9-96ceab3c6b4f,transit.zip,premium,249.2,,high,low,7,unstoppable,,,28/09/2026 15:28
e0e8d306-7791-47b0-985b-9e4b59ca9f19,transport.mom,available,1.99,27.99,high,low,9,namesilo,,,02/10/2026 11:57
90af9331-a08e-4919-a3f9-ac309b461ccf,transit.travel,resell,,,high,low,7,,,,28/09/2026 15:28
e624c637-1c87-49e3-a828-7f1c10a0d472,transportation.maison,available,60.98,69.98,high,low,14,namecheap,,,19/09/2026 03:16
006a463c-057c-4865-9739-0b4556ceba01,transportation.wine,available,8.48,75.98,high,low,14,namecheap,,,19/09/2026 03:16
35deb2ab-e56a-40e5-abce-6443750235d0,transport.nyc,premium,640,29.5,high,low,9,namesilo,,,02/10/2026 11:57
60eecaf4-1d3c-4cf7-8b06-7d0e5506b02a,transportation.gives,available,14.99,23.99,high,low,14,namesilo,,,19/09/2026 03:16
21ee7023-0a8c-4eb7-aaf4-299c1c2f3c16,transportation.cam,available,8.99,17.49,high,low,14,namesilo,,,19/09/2026 03:16
92141d11-6dcf-4239-96cb-f33cd29dffe6,transport.gripe,available,5.2,5.2,high,low,9,cloudflare,,,02/10/2026 11:57
e1005b85-00c3-4abf-ab1c-8253e37e5db2,transport.hiv,available,195.99,195.99,high,low,9,namesilo,,,02/10/2026 11:57
44af8436-2dd3-4c38-8d41-da07586752ec,transit.airforce,available,83,83,high,low,7,spaceship,,,28/09/2026 15:28
ff7197ba-326f-450a-8ff6-6c42ea9326b7,transport.properties,available,15.98,43.98,high,low,9,namecheap,,,02/10/2026 11:57
c2caafc3-3b25-4f70-86fa-e38639d3eab5,transport.democrat,available,5.38,26.08,high,low,9,spaceship,,,02/10/2026 11:57
e13092a8-db4e-4e97-b51d-333523d4ef74,transport.singles,available,9.49,33.99,high,low,9,namesilo,,,02/10/2026 11:57
0bfe4b44-f8ce-40a2-a7c1-21506a4b451d,transportation.hamburg,available,69.98,73.98,high,low,14,namecheap,,,19/09/2026 03:16
5b548bba-a88b-429d-b901-3a1731a7326f,transport.movie,available,47.99,349.99,high,low,9,namesilo,,,02/10/2026 11:57
74ccfe32-12f5-4db9-b0ff-4043d6957779,transit.cruises,available,56.99,56.99,high,low,7,namesilo,,,28/09/2026 15:28
e301cc13-3286-4799-967a-95fa79504414,transportation.baby,available,17.99,54.99,high,low,14,namesilo,,,19/09/2026 03:16
efd863f2-04ac-4677-96c8-913c4d63df77,transportation.gratis,available,23.99,23.99,high,low,14,namesilo,,,19/09/2026 03:16
0d6bb632-a436-41bd-9eff-20570ebe28b8,transport.camera,available,11.99,48.37,high,low,9,dynadot,,,02/10/2026 11:57
202c1508-98fe-47c5-90ed-a1d5db7bce39,transportation.lgbt,available,14.99,79.99,high,low,14,namesilo,,,19/09/2026 03:16
1d8aba1d-cc0c-4036-a774-0293c303b1f7,transportation.voto,available,11.98,86.98,high,low,14,namecheap,,,19/09/2026 03:16
995cdac3-9e06-4356-beee-2a13ef44fd85,transportation.bargains,available,17.99,26.49,high,low,14,namesilo,,,19/09/2026 03:16
8f5337be-0ba9-4f53-8f1a-bb6e1cd1738e,transit.soccer,available,27.48,29.48,high,low,7,namecheap,,,28/09/2026 15:28
db9095af-990a-4656-9107-fd9f504e2f60,transport.report,available,10.48,34.48,high,low,9,namecheap,,,02/10/2026 11:57
ad30f1fe-e33d-4f1d-a11e-214bb530d4e0,transportation.kitchen,available,10.99,64.99,high,low,14,namesilo,,,19/09/2026 03:16
0decd6a0-10bc-4165-9dab-388c727ced23,transport.spot,premium,130,130,high,low,9,namecheap,,,02/10/2026 11:57
393679da-a0f0-484f-8484-c9948781fcfd,transit.flowers,available,107.22,107.22,high,low,7,dynadot,,,28/09/2026 15:28
de6a513f-7c97-4f4a-a7fa-1858c5fbe5b0,transit.rest,available,1.25,26,high,low,7,spaceship,,,28/09/2026 15:28
c3591421-32b8-4429-83fb-131c946763c1,transportation.spot,premium,116,116,high,low,14,namesilo,,,19/09/2026 03:16
6b9db56f-d142-477c-acd6-cb9bb3597d5a,transport.esq,premium,671.92,671.92,high,low,9,spaceship,,,02/10/2026 11:57
34baabe8-291e-465e-8271-c09067275c1d,transport.makeup,available,1.24,13.97,high,low,9,spaceship,,,02/10/2026 11:57
69ae2678-4059-4280-85c9-b6ef3e063455,transport.bar,resell,,,high,low,9,GoDaddy,14/06/2026 13:58,14/06/2027 13:58,02/10/2026 11:57
c946f02b-c3d6-446a-b3c3-0b72c5689439,transport.church,available,14.99,58.99,high,low,9,namesilo,,,02/10/2026 11:57
b587402d-a838-4754-a5ac-6ad2e909b2e4,transit.company,resell,,,high,low,7,,,,28/09/2026 15:28
f86d19ce-561d-4991-816b-3c26e852f4bc,transit.futbol,available,5.66,13.9,high,low,7,porkbun,,,28/09/2026 15:28
de212d95-8180-44a6-af4d-e9681497ebad,transportation.channel,premium,76.7,76.7,high,low,14,namecheap,,,19/09/2026 03:16
7fab0ab7-374d-4efd-92bd-05ed7b2cb1ad,transit.degree,available,41.6,41.6,high,low,7,spaceship,,,28/09/2026 15:28
abfac369-0940-411e-944f-bb649cde74e0,transportation.realty,available,109.99,299,high,low,14,namesilo,,,19/09/2026 03:16
05b64e4e-d7f7-4eef-8259-00aaa76be29b,transportation.link,premium,448,448,high,low,14,namesilo,,,19/09/2026 03:16
08d5b3dc-8903-4e98-8b17-02bfe5e2372d,transportation.ninja,available,15.99,30.99,high,low,14,namesilo,,,19/09/2026 03:16
8d6a7b4d-252c-4fc9-a3ec-74033d8e305c,transport.salon,available,10.81,45.83,high,low,9,porkbun,,,02/10/2026 11:57
7c87f39d-18de-459e-8377-a8e8e9169734,transit.men,premium,385,55,high,low,7,dynadot,,,28/09/2026 15:28
153be16c-fe2e-48c1-8a66-cceefc54a94b,transportation.taxi,available,8.98,69.98,high,low,14,namecheap,,,19/09/2026 03:16
2ca92e4c-352a-432f-83a4-5b94f7ec7c45,transportation.claims,available,11.98,82.98,high,low,14,namecheap,,,19/09/2026 03:16
d1c5891d-f8ed-4562-9f82-aa9930671cda,transportation.ing,premium,455,455,high,low,14,namecheap,,,19/09/2026 03:16
3a2c3fe3-6b8d-46b6-bd6a-cef38f0b993e,transit.education,available,21.11,28.32,high,low,7,porkbun,,,28/09/2026 15:28
5ad91157-e90c-4de8-a9df-00d61b46ff4f,transport.schule,available,10.81,23.17,high,low,9,porkbun,,,02/10/2026 11:57
05d6297f-9aaf-4ea2-a3cc-7abd34a51106,transport.love,resell,,,high,low,9,"Chengdu West Dimension Digital Technology Co., LTD",19/06/2026 00:46,19/06/2027 00:46,02/10/2026 11:57
47e2e23f-9400-4e5a-84bb-b2f2d5aa7789,transportation.homes,available,1.8,21.98,high,low,14,namecheap,,,19/09/2026 03:16
32dc055a-5c8b-49de-a628-111d2f50b8a8,transport.gives,available,14.99,23.99,high,low,9,namesilo,,,02/10/2026 11:57
64033aa1-64ff-43cb-a914-ded74e2a1f16,freight.express,resell,,,high,low,7,Porkbun LLC,05/06/2026 20:59,05/06/2027 20:59,01/10/2026 16:25
46b147d9-6792-48f6-866e-9416fec1dfc4,freight.sarl,available,5.2,5.2,high,low,7,cloudflare,,,01/10/2026 16:25
43e941c2-250d-42ce-805c-d4378e8efb37,transportation.shop,premium,3450,3450,high,low,14,namesilo,,,19/09/2026 03:16
34f7e23e-2db4-4909-a962-ad5988a91f0c,transit.limited,available,8.24,29.35,high,low,7,porkbun,,,28/09/2026 15:28
c724d84e-b67f-4b0e-b94c-a4ca3d69d5f9,transportation.barcelona,available,38.98,38.98,high,low,14,namecheap,,,19/09/2026 03:16
0e0de9da-c688-4078-97b5-391c88854612,transportation.study,premium,53.92,53.92,high,low,14,namesilo,,,19/09/2026 03:16
db8c9370-72be-4aa8-b0c7-fcc07a8f4edf,transportation.world,resell,,,high,low,14,"Sav.com, LLC - 30",23/01/2026 15:15,23/01/2027 15:15,26/09/2026 09:44
3b3e7cc8-c169-43a7-8492-7509d5488a6b,transit.channel,premium,133.72,133.72,high,low,7,spaceship,,,28/09/2026 15:28
b63656a0-dcc6-4678-9ba7-e94580bf5a96,freight.navy,available,41.99,41.99,high,low,7,namesilo,,,01/10/2026 16:25
1c0d52a2-3d21-4005-8a39-2586e6baafe5,transport.moi,available,21.11,21.11,high,low,9,porkbun,,,02/10/2026 11:57
2049fc22-24f0-45cf-aee3-ebf8dcc39414,transport.golf,available,7.49,64.99,high,low,9,namesilo,,,02/10/2026 11:57
cea5f8ca-a3a5-43cb-aab6-6cb493bbdfcf,transportation.ventures,available,20.99,59.99,high,low,14,namesilo,,,19/09/2026 03:16
499fe52a-d28a-4352-96c4-812836dfc5ad,transportation.black,available,27.99,64.99,high,low,14,namesilo,,,19/09/2026 03:16
99153af2-12b4-4c9c-8698-2437806773c5,transportation.plumbing,available,72.99,72.99,high,low,14,namesilo,,,19/09/2026 03:16
23ce4e58-5bae-4c74-a886-b645ecda8532,transit.mov,premium,323.7,323.7,high,low,7,namecheap,,,28/09/2026 15:28
5bae6b41-92d4-4d1e-981f-8dd7c1424726,transportation.boutique,available,2.98,41.98,high,low,14,namecheap,,,19/09/2026 03:16
a5003f3c-b4af-45f1-88ac-f3db96937dc0,transportation.guide,available,41.49,41.49,high,low,14,namesilo,,,19/09/2026 03:16
c638cad7-11a7-4e34-b94f-1cc43c14b093,transit.ing,premium,,,high,low,7,,,,28/09/2026 15:28
73ebdee6-e5ab-4bea-95e1-5387f25815a2,logistics.io,resell,,,high,low,9,Dynadot Inc,08/12/2008 08:56,08/12/2026 08:56,03/10/2026 04:07
4e21d783-6dbc-4605-87ae-91cc2896998d,transportation.tires,available,5.99,78.99,high,low,14,namesilo,,,19/09/2026 03:16
7593a65c-5e63-4f4c-b4ac-8b14e6647bf6,transit.lifestyle,premium,640,640,high,low,7,namesilo,,,28/09/2026 15:28
98f35279-0c52-488f-809c-66eff626d9ac,transportation.site,premium,3450,3450,high,low,14,namesilo,,,19/09/2026 03:16
8b345fe4-1edb-4dc1-9567-198319f14b1d,transport.fashion,available,25.2,25.2,high,low,9,cloudflare,,,02/10/2026 11:57
116be877-3459-47a9-b346-e0ea26e6fbdb,transportation.ong,premium,650,325,high,low,14,namecheap,,,19/09/2026 03:16
33b57e78-50e5-4052-9659-1ae108d58e0d,freight.airforce,available,83,83,high,low,7,spaceship,,,01/10/2026 16:25
fe8e1429-6a34-49a2-a314-922aad528b70,logistics.management,resell,,,high,low,9,"Go Canada Domains, LLC",16/03/2014 16:00,16/03/2027 16:00,03/10/2026 04:07
c9159cdb-96f5-42cc-88eb-5d1d47e87295,transport.forsale,premium,99.5,118.8,high,low,9,unstoppable,,,02/10/2026 11:57
f5a61d12-1074-4f51-a800-95a8f01599cb,transport.ryukyu,available,17.98,22.98,high,low,9,namecheap,,,02/10/2026 11:57
5ebb48cd-8122-4dc4-bcd0-cf7ed2f7215b,freight.horse,available,26.08,26.08,high,low,7,spaceship,,,01/10/2026 16:25
704fa2f7-ff9f-43ed-9ac7-d3619a549b6f,freight.vacations,available,38.99,38.99,high,low,7,namesilo,,,01/10/2026 16:25
a4c55dcb-7f2c-4535-8aca-850933388621,transit.meme,premium,362.45,362.45,high,low,7,spaceship,,,28/09/2026 15:28
b608b9ec-b7fc-4f3a-a039-3b1c4fb64001,transportation.movie,available,47.99,349.99,high,low,14,namesilo,,,19/09/2026 03:16
1a069159-0ac3-473a-867c-885cbf702288,freight.supply,available,25.99,25.99,high,low,7,namesilo,,,01/10/2026 16:25
d6fa00ea-9024-489b-a43e-aa8d6c3f8433,transit.bond,premium,59.71,119.23,high,low,7,spaceship,,,28/09/2026 15:28
a6a8ea6d-b212-4ac2-8b9a-324d467ad934,transit.school,available,36.49,36.49,high,low,7,namesilo,,,28/09/2026 15:28
e956b4a8-fd24-47a5-b4ce-1c94c31dd85b,transit.doctor,available,5.38,93.35,high,low,7,spaceship,,,28/09/2026 15:28
2a32f87f-06b6-4e5a-b03f-9149ac862cfe,delivery.equipment,available,28.99,28.99,high,low,8,namesilo,,,29/09/2026 04:21
d87ec73c-1d4b-493f-8da5-731bb95241d5,transport.cc,resell,,,high,low,9,"GoDaddy.com, LLC",13/01/2013 06:24,13/01/2027 06:24,02/10/2026 11:57
74f834e0-1f52-479e-a7c8-898c48367a24,logistics.navy,available,33.32,33.32,high,low,9,spaceship,,,03/10/2026 04:07
20727fb5-39d2-4461-aaac-a66e9a5ae5d6,transportation.bio,available,9.99,69.99,high,low,14,namesilo,,,19/09/2026 03:16
ba1fb1b1-e4b5-4835-9568-c23ef6fe1a65,transit.sexy,available,2675.22,2675.22,high,low,7,dynadot,,,28/09/2026 15:28
837d597a-c738-4a85-a409-24c3a39ff513,transit.church,available,8.48,78.98,high,low,7,namecheap,,,28/09/2026 15:28
55f240e7-0eb6-4480-8acf-79cf87ee9b27,transportation.consulting,premium,242,242,high,low,14,namesilo,,,19/09/2026 03:16
d0ca9be2-56d3-4593-b849-c3f7d42154cc,transport.agency,resell,,,high,low,9,"Sav.com, LLC - 2",22/09/2026 15:15,22/09/2027 15:15,02/10/2026 11:57
d34ad33a-54f6-4c12-b403-9269346e861c,logistics.condos,available,58.99,58.99,high,low,9,namesilo,,,03/10/2026 04:07
876af77a-0b61-485b-a03b-aadc73880c5f,transport.buzz,premium,103.7,51.95,high,low,9,spaceship,,,02/10/2026 11:57
29d360fd-5fd5-4d69-b271-7f5af5960b51,transportation.trading,available,21.98,27.98,high,low,14,namecheap,,,19/09/2026 03:16
36137840-89fe-432c-bf20-8ae7b9b52229,freight.degree,available,8.24,41.71,high,low,7,porkbun,,,01/10/2026 16:25
f5599015-f870-4918-aa20-f601f2e9ef3a,freight.immo,available,28.15,28.15,high,low,7,spaceship,,,01/10/2026 16:25
fcb8757c-2c67-427d-8d4f-b26cd1ab7e43,logistics.global,premium,3312,53.92,high,low,9,namesilo,,,03/10/2026 04:07
70971c04-7400-4d77-8367-4323e3357506,transportation.accountant,available,23.59,23.59,high,low,14,namesilo,,,19/09/2026 03:16
1f2d5355-a71b-47e9-97e8-7e872fbb9de8,transportation.ryukyu,available,17.98,22.98,high,low,14,namecheap,,,19/09/2026 03:16
eb748c96-0ea0-4c51-9575-c230b273b84b,freight.nexus,premium,61.27,61.27,high,low,7,spaceship,,,01/10/2026 16:25
dfdef6ae-bbd1-4df8-8a9d-bfb9e871f539,freight.us,resell,,,high,low,7,"NameSilo, LLC",15/09/2022 00:00,15/09/2027 00:00,01/10/2026 16:25
f2b9e777-249c-4243-afa3-09a37ae2c4d8,transport.tattoo,available,2.99,34.99,high,low,9,namesilo,,,02/10/2026 11:57
9686ca02-1f57-4b31-8db9-0b8a3b2e0f36,transportation.courses,available,2.19,38.99,high,low,14,namesilo,,,19/09/2026 03:16
7dc59c8b-972d-4a9b-bc3a-3e955c5e5deb,freight.yachts,available,1.24,13.97,high,low,7,spaceship,,,01/10/2026 16:25
538f5d89-d6b4-4d52-8941-4ec652ff27e1,transportation.garden,available,1.98,43.98,high,low,14,namecheap,,,19/09/2026 03:16
ad0addc9-de14-46a2-b61f-4d90d86a3be1,logistics.cv,premium,1042.76,7.76,high,low,9,spaceship,,,03/10/2026 04:07
104850e3-a97b-481f-8e19-385037fac590,transit.voto,available,11.98,86.98,high,low,7,namecheap,,,28/09/2026 15:28
c10c4583-c22e-4314-9308-8c819ddd76b6,logistics.town,available,8.5,36.49,high,low,9,unstoppable,,,03/10/2026 04:07
fd9d3666-46e5-49ed-9735-2a78a824d83c,freight.build,premium,517.7,517.7,high,low,7,spaceship,,,01/10/2026 16:25
d9aae032-01da-462c-8124-78a04aa99997,transportation.shopping,available,26.99,26.99,high,low,14,namesilo,,,19/09/2026 03:16
0d11fbc9-e97d-4226-bc16-b66552813106,logistics.inc,premium,1604.45,2070.2,high,low,9,spaceship,,,03/10/2026 04:07
dd34447b-5602-4580-bd4f-a2e1285118b2,delivery.airforce,available,83,83,high,low,8,spaceship,,,29/09/2026 04:21
c741ee42-b3f6-4b74-aaa4-603de8fbd612,logistics.sarl,available,5.2,5.2,high,low,9,cloudflare,,,03/10/2026 04:07
1cd47780-2e8c-4cd6-b8a1-c76b8b4ecf41,transport.prof,premium,709.01,709.01,high,low,9,porkbun,,,02/10/2026 11:57
8064b8bc-742e-4800-80c6-92caf1ce73bc,delivery.store,premium,682.81,2729.67,high,low,8,porkbun,,,29/09/2026 04:21
8473715d-a71a-47e3-9488-5d9582ca340a,transport.university,available,65.98,77.98,high,low,9,namecheap,,,02/10/2026 11:57
2bf71b4f-7137-4800-ab4b-464ff94762e6,freight.enterprises,available,8.48,28.15,high,low,7,spaceship,,,01/10/2026 16:25
de661b8b-660b-4409-bf95-72f6cc9b24fe,freight.fail,available,8.24,31.41,high,low,7,porkbun,,,01/10/2026 16:25
992238c6-6e5b-414c-a514-fec53ed19f0b,transport.skin,available,1.99,14.45,high,low,9,dynadot,,,02/10/2026 11:57
7045c196-1dca-4ceb-8087-6e48f732f201,transit.cars,available,2140.22,2140.22,high,low,7,dynadot,,,28/09/2026 15:28
bf8b9efc-ea15-401a-aef5-a31e7a55abda,transit.movie,available,40.98,446.98,high,low,7,namecheap,,,28/09/2026 15:28
ca2db631-1a6e-4c94-a6ed-53fc5e956c3e,freight.accountants,available,90.2,90.2,high,low,7,cloudflare,,,01/10/2026 16:25
9e1643cd-9c49-4aab-a4c1-6637cad47056,freight.engineering,available,50.2,50.2,high,low,7,cloudflare,,,01/10/2026 16:25
986acee8-2d1d-4a49-a6a5-99234b03f969,transit.blog,resell,,,high,low,7,,,,28/09/2026 15:28
96db24a9-a073-4c5e-acca-e0c909b5523f,transit.estate,available,15.99,38.99,high,low,7,namesilo,,,28/09/2026 15:28
3bfc77cc-cfee-4017-a61a-f4a09566bc38,transport.stream,premium,517.7,67.48,high,low,9,spaceship,,,02/10/2026 11:57
0c189e4a-c539-4ebc-a34b-7191323fb3e2,transport.vegas,premium,242,119.94,high,low,9,namesilo,,,02/10/2026 11:57
54bd8312-422e-419a-8ead-6ae106f5fa40,shipping.tech,premium,3450,3450,high,low,8,namesilo,,,02/10/2026 13:00
32a71578-029d-45ba-8166-4fc0d3e3d892,delivery.cab,available,32.99,32.99,high,low,8,namesilo,,,29/09/2026 04:21
39e1ed15-cfe3-4ba6-a451-e1f25f1326d1,transit.hamburg,available,69.98,73.98,high,low,7,namecheap,,,28/09/2026 15:28
61554b21-475b-4af5-a0da-c073b897858d,transportation.skin,available,1.99,17.29,high,low,14,namesilo,,,19/09/2026 03:16
dfe562aa-fe95-4d91-8467-1355bb9bebed,transportation.xxx,available,69.98,154.98,high,low,14,namecheap,,,19/09/2026 03:16
ec69c5f5-a62b-48b9-88cd-97be7515329e,transportation.cv,available,9.99,9.99,high,low,14,namesilo,,,19/09/2026 03:16
ad170435-8d2e-402c-96a3-8b82d60bc59e,vehicle.auto,available,1999.99,2199,high,low,7,namesilo,,,02/10/2026 10:48
25b76d8e-db7d-41c0-8eae-153d9b4ce0a0,transportation.restaurant,available,20.99,64.99,high,low,14,namesilo,,,19/09/2026 03:16
5cc2d709-2365-4f37-b682-c07307190a87,transit.link,premium,1995,1995,high,low,7,namesilo,,,28/09/2026 15:28
b6d0434c-0313-434f-93a5-d21e1dae10a1,transportation.blue,available,19.99,24.99,high,low,14,namesilo,,,19/09/2026 03:16
5fed74d1-9c98-4999-8d38-20ff1b142402,transportation.srl,premium,54.28,30.68,high,low,14,namesilo,,,19/09/2026 03:16
26b940a5-728e-48c8-ac55-6033a85482d3,transit.lighting,available,23.99,23.99,high,low,7,namesilo,,,28/09/2026 15:28
f846e192-edf7-4aa5-9b90-0dc69304f960,freight.gratis,available,23.99,23.99,high,low,7,namesilo,,,01/10/2026 16:25
7322e71d-dc65-45d7-8cf0-5b7cb99f8e60,logistics.villas,available,46.2,46.2,high,low,9,cloudflare,,,03/10/2026 04:07
9b7d2d6f-827d-4559-b5a5-dd66fdfc38e3,logistics.golf,available,7,64.99,high,low,9,unstoppable,,,03/10/2026 04:07
dff34725-3a35-445b-ac1d-54717e876e9f,freight.graphics,available,22.98,31.98,high,low,7,namecheap,,,01/10/2026 16:25
e3467dc1-2209-44be-a50d-7eb52aa80abd,logistics.website,premium,550,1100,high,low,9,dynadot,,,03/10/2026 04:07
52689d1c-e889-487e-b85e-6ceb0f28ee65,travel.quest,premium,10400,10400,high,medium,6,namecheap,,,24/09/2026 22:30
016f435f-1dd4-4eac-8e2c-4d24c8b4f960,transit.gives,available,14.99,23.99,high,low,7,namesilo,,,28/09/2026 15:28
939bb6f4-f0bd-4ad5-af78-8513e9639095,transportation.page,premium,70.21,70.21,high,low,14,namesilo,,,19/09/2026 03:16
fdb10265-25b3-40b3-80ae-25ea75eb5269,freight.tools,resell,,,high,low,7,"NameCheap, Inc.",02/04/2024 14:49,02/04/2027 14:49,01/10/2026 16:25
0a289bf8-75c7-4c1e-ba82-5a0cbfbc18c6,transit.global,resell,,,high,low,7,,,,28/09/2026 15:28
2bf718e8-2382-4981-a0bc-9720aa8bc177,transit.motorcycles,available,1.99,17.29,high,low,7,namesilo,,,28/09/2026 15:28
f11b97a2-12e7-4e81-b34a-9d4707a4cc65,transit.construction,available,31.25,31.25,high,low,7,spaceship,,,28/09/2026 15:28
e62bffca-e64f-4ba5-8647-cda0cea66693,logistics.boutique,available,2.27,26.08,high,low,9,spaceship,,,03/10/2026 04:07
efbf589d-ad0f-4d69-bb80-6e7ccb0a1123,delivery.realty,available,109.99,299,high,low,8,namesilo,,,29/09/2026 04:21
6b53ed86-9dd6-448c-8603-6d5ec4a7fab8,transit.today,resell,,,high,low,7,,,,28/09/2026 15:28
f8f2b02a-8a6b-4321-bc6f-b68d500dba16,transit.camera,available,58.99,58.99,high,low,7,namesilo,,,28/09/2026 15:28
c9a24dad-5804-4798-a31a-a57e6c2d19e7,transport.onl,premium,53.92,116,high,low,9,namesilo,,,02/10/2026 11:57
0755005e-31fd-442a-8f4a-1ffd30a06821,transportation.london,available,31.99,31.99,high,low,14,namesilo,,,19/09/2026 03:16
e411ccf0-146a-4b25-a457-ded928c99096,transit.host,premium,640,640,high,low,7,namesilo,,,28/09/2026 15:28
1923c8b0-35e3-44e9-98c8-4919ad287fd2,logistics.blackfriday,available,114.99,114.99,high,low,9,namesilo,,,03/10/2026 04:07
37c7f652-abca-4478-9a31-662b8ef8f77c,delivery.diet,available,108.98,159.98,high,low,8,namecheap,,,29/09/2026 04:21
70d48442-4172-428b-a0aa-5a18953f3776,freight.international,resell,,,high,low,7,Dynadot Inc,25/06/2018 08:11,25/06/2027 08:11,01/10/2026 16:25
d2970826-5845-4116-93df-d18b79c42efa,transportation.pub,available,39.99,39.99,high,low,14,namesilo,,,19/09/2026 03:16
c9c407c9-0202-4b7b-880e-4ed292c319c8,transportation.deal,premium,116,116,high,low,14,namesilo,,,19/09/2026 03:16
642a3762-ad25-47a5-b2b1-9a2071daa4aa,freight.qpon,available,2.19,11.49,high,low,7,namesilo,,,01/10/2026 16:25
1357b3dc-3e9e-477e-b4f5-fcc10dec54a5,transportation.fund,available,11.98,92.98,high,low,14,namecheap,,,19/09/2026 03:16
6775d872-b6b3-4478-928c-7a8fccba4bd3,transportation.space,premium,3450,3450,high,low,14,namesilo,,,19/09/2026 03:16
d1c112e5-90b7-4f48-88e2-fd96dc85e714,transportation.pizza,available,17.99,64.99,high,low,14,namesilo,,,19/09/2026 03:16
e5de6e1b-a410-4e69-8227-95cb2b795a2c,logistics.press,premium,129.58,258.95,high,low,9,spaceship,,,03/10/2026 04:07
14a4482d-82e1-404e-935e-6c057f4f1b3e,transportation.holdings,available,64.99,64.99,high,low,14,namesilo,,,19/09/2026 03:16
65139e94-50e5-4362-83e1-46add24a6724,logistics.love,resell,,,high,low,9,"Chengdu West Dimension Digital Technology Co., LTD",19/08/2026 04:44,19/08/2027 04:44,03/10/2026 04:07
e7f1f919-10ec-4470-91fd-b0e3c54557b4,delivery.ing,premium,650.2,845,high,low,8,unstoppable,,,29/09/2026 04:21
138a64e3-9f06-4b74-84cb-0522cfbcee64,transit.storage,available,509.99,529.99,high,low,7,namesilo,,,28/09/2026 15:28
76c8d55b-2b29-4b07-8e00-3af19a337bce,transportation.coupons,available,5.99,54.99,high,low,14,namesilo,,,19/09/2026 03:16
f00a952b-a3ed-4125-a42a-221f096e09b5,transit.forsale,available,16.99,36.99,high,low,7,namesilo,,,28/09/2026 15:28
bf78bd8b-0982-456a-86c5-b683c9da5e14,logistics.foo,premium,29.2,30.22,high,low,9,unstoppable,,,03/10/2026 04:07
056223fd-b4c9-4d73-9d79-bff3348c375c,logistics.eco,premium,4550,74.75,high,low,9,namecheap,,,03/10/2026 04:07
2250b911-388a-4e23-ad09-70a83f254ef9,transportation.nexus,premium,37.7,37.7,high,low,14,namecheap,,,19/09/2026 03:16
eef0d176-10e1-4aec-821d-6e7597d425af,freight.pizza,available,17.99,64.99,high,low,7,namesilo,,,01/10/2026 16:25
557fda8f-3599-4d9a-94c2-2284f35d3a8d,transportation.security,available,1999.99,2049.99,high,low,14,namesilo,,,19/09/2026 03:16
e1e5f533-1682-4a58-bec6-f660cf41c8e5,transit.poker,available,10.99,67.99,high,low,7,namesilo,,,28/09/2026 15:28
4fd86f69-eb93-439c-84e7-2cc17f5275b8,transit.healthcare,available,70.55,70.55,high,low,7,porkbun,,,28/09/2026 15:28
6f4eb023-9a3f-440f-85b0-61589b2a2adb,transit.enterprises,available,8.48,28.15,high,low,7,spaceship,,,28/09/2026 15:28
85a17164-4694-4a2e-8acb-39f3fc8e1674,logistics.gifts,available,36.99,36.99,high,low,9,namesilo,,,03/10/2026 04:07
0a6d01d5-2780-49a9-953c-b675538763cd,delivery.condos,premium,102.67,102.67,high,low,8,spaceship,,,29/09/2026 04:21
0ac02d86-49e0-4d57-bffb-3a3bfdffa6f4,freight.sexy,available,2675.22,2675.22,high,low,7,dynadot,,,01/10/2026 16:25
e59c6b8e-bdc0-423e-ab06-569c39b0d997,freight.cricket,premium,385,55,high,low,7,dynadot,,,01/10/2026 16:25
1c2c2dd2-a140-4fb1-bfff-3e54f6fb1fa6,logistics.gold,resell,,,high,low,9,"DNSPod, Inc.",15/01/2024 15:15,15/01/2027 15:15,03/10/2026 04:07
9c872cd2-9aea-4f36-98ae-a25f8c02bd02,transportation.xyz,premium,1107,1107,high,low,14,namesilo,,,19/09/2026 03:16
91d8ca38-4972-48d9-a32c-a682df6b8441,transit.pw,premium,258.75,258.75,high,low,7,spaceship,,,28/09/2026 15:28
295e8eaa-cd3e-4067-98d2-115f37c4ded3,transportation.builders,available,35.99,35.99,high,low,14,namesilo,,,19/09/2026 03:16
1b27aab4-be9b-40ed-9278-cc74d23f30cb,transportation.digital,resell,,,high,low,14,"Sav.com, LLC",19/08/2025 19:30,19/08/2027 19:30,26/09/2026 09:44
ff25ef84-905a-44c2-b70a-a812c9d47461,delivery.express,resell,,,high,low,8,Unstoppable Domains Inc,28/09/2025 09:31,28/09/2027 09:31,29/09/2026 04:21
c1872f9e-4cda-4b7a-ba0b-077f2e0fcd10,transport.sexy,available,2998,3298,high,low,9,namecheap,,,02/10/2026 11:57
2d729393-03e7-4bfd-961e-2a6676d29d27,transportation.auction,available,38.98,46.98,high,low,14,namecheap,,,19/09/2026 03:16
9ee87db7-d91e-47e1-9371-fa256b4ba903,transit.rodeo,available,10.58,10.58,high,low,7,spaceship,,,28/09/2026 15:28
812b2d08-4d14-4b70-be93-279ba18f2129,transportation.cat,available,26.98,38.98,high,low,14,namecheap,,,19/09/2026 03:16
6610050d-707d-46ef-9528-d1c4f3161276,transportation.church,available,14.99,58.99,high,low,14,namesilo,,,19/09/2026 03:16
5b7530df-99cd-4fd4-a113-72d5d7715ef1,logistics.fan,available,6.64,45.16,high,low,9,dynadot,,,03/10/2026 04:07
4744c28d-e966-43a7-9e6c-efc1e26b8ce2,freight.boutique,available,2.5,26.97,high,low,7,dynadot,,,01/10/2026 16:25
f2c2bc44-c604-42a8-9340-f27c2ef8cc24,logistics.quest,resell,,,high,low,9,Dynadot Inc,30/06/2026 00:16,30/06/2027 23:59,03/10/2026 04:07
d77bda92-57d5-498d-897f-8fee8b769a98,transport.tips,available,8.24,25.23,high,low,9,porkbun,,,02/10/2026 11:57
a7731014-67c4-42ff-a3e7-44aa5a8a0394,freight.rentals,available,6.69,35.53,high,low,7,porkbun,,,01/10/2026 16:25
dace0ae4-422c-43e2-9133-ff3a7f7a50de,freight.mov,premium,61.27,61.27,high,low,7,spaceship,,,01/10/2026 16:25
5328df35-9426-4f88-80c2-89681a2b70af,freight.courses,premium,103.7,103.7,high,low,7,spaceship,,,01/10/2026 16:25
1cb2bc40-dae8-41ae-9a4a-6f2cc3dad4ca,delivery.consulting,available,27.99,54.99,high,low,8,namesilo,,,29/09/2026 04:21
a6e15a71-a8ab-4fb2-b97d-5fe0eb90f272,transit.pet,available,13.5,,high,low,7,unstoppable,,,28/09/2026 15:28
e862fe7f-3a62-4bd6-9ca7-cb2ff417f519,logistics.fishing,available,32.49,32.49,high,low,9,namesilo,,,03/10/2026 04:07
e8d43a54-4485-471e-8c91-e5d7bf41fc56,transportation.fitness,available,8.99,41.99,high,low,14,namesilo,,,19/09/2026 03:16
cf664f50-0503-4e42-9591-395c1e00720e,freight.associates,available,18.99,38.99,high,low,7,namesilo,,,01/10/2026 16:25
bec4c97f-797f-4272-af0f-1d8a231bab58,freight.org,resell,,,high,low,7,GoDaddy Online Services Cayman Islands Ltd.,02/06/1998 04:00,01/06/2027 04:00,01/10/2026 16:25
f91c39da-b0dc-4a58-b8f7-970a9c8aab7e,transit.protection,available,1999.99,2049.99,high,low,7,namesilo,,,28/09/2026 15:28
59689752-d523-49d0-bddb-dd83de32b8a0,transportation.soy,premium,53.3,53.3,high,low,14,namecheap,,,19/09/2026 03:16
7e432c47-5ce3-4e49-af33-283ecd6c599d,transportation.makeup,available,1.99,17.29,high,low,14,namesilo,,,19/09/2026 03:16
36253bc8-641b-497d-bcb1-db34be4b2e6a,freight.moda,available,33.32,33.32,high,low,7,spaceship,,,01/10/2026 16:25
7b0f1937-7190-492a-9324-b3e69aa3c989,transportation.lease,available,56.99,56.99,high,low,14,namesilo,,,19/09/2026 03:16
4b4de7fb-be1a-4959-afbe-390a418fa36a,transit.credit,available,6.64,84.21,high,low,7,dynadot,,,28/09/2026 15:28
c9530661-792c-4842-9bf0-e5f238c4b579,transit.contact,available,11.2,11.2,high,low,7,cloudflare,,,28/09/2026 15:28
977d0f3b-7764-4a01-a910-fd2aef470d81,freight.systems,resell,,,high,low,7,"GoDaddy.com, LLC",19/03/2014 16:00,19/03/2027 16:00,01/10/2026 16:25
1a182bb4-435e-4db3-8cca-77952a479afa,delivery.computer,available,17.8,31.25,high,low,8,spaceship,,,29/09/2026 04:21
accdb26c-c4e6-4830-8308-a5d32fc64dd5,transit.plumbing,available,58.16,58.16,high,low,7,spaceship,,,28/09/2026 15:28
568789e0-ca2e-4060-9b66-baf01ee59874,transit.academy,resell,,,high,low,7,,,,28/09/2026 15:28
e5c4409f-22ab-4f9c-a2c8-cf3c043bdebe,transportation.cafe,available,7.25,51.99,high,low,14,namesilo,,,19/09/2026 03:16
07e430d5-2cf7-460b-9c37-c94dc8d05807,transportation.group,resell,,,high,low,14,Porkbun LLC,24/06/2016 21:23,24/06/2027 21:23,26/09/2026 09:44
f7eb233c-922a-49b6-8b8c-a6ab345f422b,freight.industries,premium,118.8,118.8,high,low,7,namesilo,,,01/10/2026 16:25
43f0f7db-7946-48ac-95d7-d3a8b92ebc34,freight.cat,available,26.98,38.98,high,low,7,namecheap,,,01/10/2026 16:25
6499ed94-4c23-4a06-a854-b00cb85a50d1,transit.vacations,available,30.2,30.2,high,low,7,cloudflare,,,28/09/2026 15:28
35ed9199-5f07-4201-a3b2-a969b308a5db,transit.market,available,35.39,35.39,high,low,7,spaceship,,,28/09/2026 15:28
e27178d8-e725-480d-aacc-160e8173e948,transportation.pics,available,1.99,32.49,high,low,14,namesilo,,,19/09/2026 03:16
e1fed786-d5f3-4922-abe1-76f06c7cf3f7,transportation.global,premium,3312,53.92,high,low,14,namesilo,,,19/09/2026 03:16
80b54389-acaf-4565-9d5f-dddbfc0c3cf0,delivery.tienda,available,59.99,59.99,high,low,8,namesilo,,,29/09/2026 04:21
c3da1bfe-7be4-42ad-bee0-b7aa2a3a9ce2,logistics.maison,available,57.99,57.99,high,low,9,namesilo,,,03/10/2026 04:07
0b1d6f84-ac1e-43f6-8988-9d879b23b65e,freight.tickets,available,393.98,608.98,high,low,7,namecheap,,,01/10/2026 16:25
d4c76ca9-aff6-44e4-9c0a-83e0bae732db,transit.charity,available,14.99,23.99,high,low,7,namesilo,,,28/09/2026 15:28
c3393e40-85d2-4cdb-a8fb-1d9a4de739c5,freight.rsvp,premium,59.2,61.27,high,low,7,unstoppable,,,01/10/2026 16:25
b9910eec-efe1-4af1-82f5-fb51bd8d8ea0,logistics.cooking,available,26.08,26.08,high,low,9,spaceship,,,03/10/2026 04:07
cec92926-05b8-4b93-a9d4-d6ae2de90b4c,delivery.free,premium,517.7,517.7,high,low,8,spaceship,,,29/09/2026 04:21
8e5b5e16-d803-4d28-beb9-1bc82e6da9f5,delivery.now,premium,5175.2,5175.2,high,low,8,spaceship,,,29/09/2026 04:21
41cba79a-21ba-4f63-bcf2-283ddb78379d,transit.boats,available,1.99,17.29,high,low,7,namesilo,,,28/09/2026 15:28
58b65099-97db-499f-b370-1596ed1f1957,transportation.best,premium,96.5,96.5,high,low,14,namesilo,,,19/09/2026 03:16
e6132cd9-7b68-4ae0-9b8a-c6911e592d88,transportation.exchange,available,12.99,38.99,high,low,14,namesilo,,,19/09/2026 03:16
cc5ec690-943f-4133-b8b8-fb1a8f52b849,transportation.kim,available,5.98,32.98,high,low,14,namecheap,,,19/09/2026 03:16
5b969188-d6f7-4238-8271-8306be3399f3,delivery.onl,resell,,,high,low,8,Dynadot Inc,17/04/2014 16:00,17/04/2027 16:00,29/09/2026 04:21
ecc08363-018b-4768-a15c-4c9e0727b2b6,transportation.repair,available,12.99,36.99,high,low,14,namesilo,,,19/09/2026 03:16
2a9b5afc-1d0c-4e18-92dc-4e966d0ce564,delivery.legal,available,57.13,57.13,high,low,8,spaceship,,,29/09/2026 04:21
249c7daf-b753-41b3-9efc-97fab53a0432,transit.immobilien,available,30.22,30.22,high,low,7,spaceship,,,28/09/2026 15:28
1884b487-2a1e-4748-9d26-a5e72e2b468c,transit.builders,available,35.99,35.99,high,low,7,namesilo,,,28/09/2026 15:28
1e286cf1-bcbb-4fb6-b37c-975d3188897a,delivery.games,resell,,,high,low,8,"DNSPod, Inc.",19/12/2025 15:15,19/12/2027 15:15,29/09/2026 04:21
5849ded9-fae4-4a7d-9df4-dd5aa5b750a5,logistics.rentals,available,10.99,44.49,high,low,9,namesilo,,,03/10/2026 04:07
cc1c3f08-a95d-4bbc-ac59-2a04e171a96d,freight.website,premium,546.35,546.35,high,low,7,porkbun,,,01/10/2026 16:25
f14dd847-b8d1-4dca-a8f6-d9662ed801a8,logistics.forsale,available,28.2,28.2,high,low,9,cloudflare,,,03/10/2026 04:07
0883ee00-76d9-43f9-ac72-0f8b1079c673,travel.town,premium,512,512,high,medium,6,namesilo,,,24/09/2026 22:30
35138022-ed78-45c3-a09a-4fb6215ce5e6,logistics.flights,available,20.9,46.78,high,low,9,spaceship,,,03/10/2026 04:07
ee6b0fb5-fa3e-4391-a873-058ac36a1033,freight.beer,available,1.98,43.98,high,low,7,namecheap,,,01/10/2026 16:25
dfa40fe0-a0e3-4038-88b7-545bc4e979cb,transportation.fishing,available,32.49,32.49,high,low,14,namesilo,,,19/09/2026 03:16
ce085cbd-2c30-4e2a-937e-85fea6c4b670,delivery.vodka,premium,47.2,29.5,high,low,8,namesilo,,,29/09/2026 04:21
f4270c69-0e22-487c-ba46-e048c498092f,delivery.surgery,premium,207.2,207.2,high,low,8,spaceship,,,29/09/2026 04:21
a42e2b3a-952f-4c9a-8de6-1a8173108a88,travel.xyz,premium,13800,13800,high,medium,6,namesilo,,,24/09/2026 22:30
fbc3ffa0-9213-4b17-aab2-3a0456cbf75f,freight.faith,available,11.99,11.99,high,low,7,namesilo,,,01/10/2026 16:25
84352949-0b79-44ac-9190-b29c46ee1a38,transportation.recipes,available,8.99,77.99,high,low,14,namesilo,,,19/09/2026 03:16
6b24ff3e-a3ce-4b0c-96f4-e836c4962180,transportation.moda,available,43.98,45.98,high,low,14,namecheap,,,19/09/2026 03:16
b6aafc91-49ae-4cfb-8934-95366a6ce978,transit.bar,resell,,,high,low,7,,,,28/09/2026 15:28
fc90e761-a51c-48ff-8c46-d80f36306fd3,transit.sbs,premium,74.75,149.5,high,low,7,namecheap,,,28/09/2026 15:28
0d30d7bc-b8ee-4363-93e1-dead7eb8ac1d,delivery.biz,premium,6250,20,high,low,8,name.com,,,29/09/2026 04:21
ec527afc-41f5-422c-a1e0-d43e96cc1913,delivery.actor,available,9.48,54.98,high,low,8,namecheap,,,29/09/2026 04:21
49ee9e7a-cbbe-43b5-826b-8c81c57ababa,transportation.attorney,premium,1107,1107,high,low,14,namesilo,,,19/09/2026 03:16
b0c06dcd-0334-405e-932c-43ced3bcdb9b,transportation.condos,available,61.98,72.98,high,low,14,namecheap,,,19/09/2026 03:16
e6d2271b-1d51-4b9f-a4d3-74a825ed5d15,freight.shoes,available,21.62,53.72,high,low,7,dynadot,,,01/10/2026 16:25
a5291680-c776-4f01-b123-8d7268f8a888,transit.hospital,available,45.74,45.74,high,low,7,spaceship,,,28/09/2026 15:28
538703b4-4b23-4a24-8cf5-fe63a083801e,freight.gift,available,16.91,16.91,high,low,7,dynadot,,,01/10/2026 16:25
86b9586b-caa5-47ea-b1c8-71277362d90e,transportation.faith,available,11.99,11.99,high,low,14,namesilo,,,19/09/2026 03:16
4f8a3d77-793b-4c52-8e68-5198d166e563,transit.vip,resell,,,high,low,7,,,,28/09/2026 15:28
9d3637b0-0171-4435-86ed-5625201e2c78,freight.loans,available,10.81,93.2,high,low,7,porkbun,,,01/10/2026 16:25
1574baef-ed2c-4c3e-897c-d6aa0e0a1978,freight.money,available,10.55,28.15,high,low,7,spaceship,,,01/10/2026 16:25
857cdb8c-d5d7-4789-9ede-e6ca3550991e,transit.moda,available,41.99,41.99,high,low,7,namesilo,,,28/09/2026 15:28
5328321c-953e-486d-a002-31d55d79b011,transportation.inc,premium,2061.5,2660,high,low,14,namesilo,,,19/09/2026 03:16
ea180e03-3f91-4061-aef5-168f8c95c19e,freight.srl,available,31.99,31.99,high,low,7,namesilo,,,01/10/2026 16:25
db5c1dfc-223b-47e5-88f2-699ba30c3354,transportation.vana,available,2298,2498,high,low,14,namecheap,,,19/09/2026 03:16
ae2d3df0-907b-4303-9e58-accc1afb6427,transportation.democrat,available,7.25,32.99,high,low,14,namesilo,,,19/09/2026 03:16
8f388258-9a17-4c78-9849-2bc556b8f25c,transportation.university,available,62.99,62.99,high,low,14,namesilo,,,19/09/2026 03:16
da671227-38a0-478d-a429-d2b5fb69463e,freight.ltd,resell,,,high,low,7,Alibaba Cloud Computing Ltd. d/b/a HiChina (www.net.cn),27/08/2018 16:46,27/08/2028 16:46,01/10/2026 16:25
d678a80e-da45-47ca-8209-ae6a8081603c,freight.movie,available,40.98,446.98,high,low,7,namecheap,,,01/10/2026 16:25
77d16b55-aab1-4662-a7cd-19acccc03872,travel.tours,resell,,,high,medium,6,"GoDaddy.com, LLC",03/07/2015 23:51,03/07/2027 23:51,26/09/2026 09:44
270220fa-ce00-4e34-9366-7982baf83689,freight.guru,resell,,,high,low,7,"Spaceship, Inc.",04/06/2026 21:04,04/06/2027 21:04,01/10/2026 16:25
a1adde5c-ec6e-4d79-9d32-1d8a1e07295f,transportation.investments,available,12.99,129.99,high,low,14,namesilo,,,19/09/2026 03:16
2a0b6c82-f806-4fd2-bf20-2a0c5579cf6c,logistics.florist,available,32.99,32.99,high,low,9,namesilo,,,03/10/2026 04:07
3b1b039e-ff33-4919-9385-5d458b18c8f3,delivery.game,available,300.2,300.2,high,low,8,cloudflare,,,29/09/2026 04:21
140bd28e-af13-48e3-a0a1-3fc77eb64eb7,transportation.audio,available,104.99,114.99,high,low,14,namesilo,,,19/09/2026 03:16
c129553e-426d-4c7a-b126-ffc853f1de4e,freight.shop,premium,640,640,high,low,7,namesilo,,,01/10/2026 16:25
9f1524d4-16cf-4049-a395-e553f5ed3437,logistics.legal,available,71.99,71.99,high,low,9,namesilo,,,03/10/2026 04:07
3d78a8fe-822a-42ac-908f-01c201b8df7a,transportation.events,available,10.48,57.98,high,low,14,namecheap,,,19/09/2026 03:16
e6ee2247-29ec-4611-959e-1a615a3e1f92,freight.voting,available,978.6,978.6,high,low,7,dynadot,,,01/10/2026 16:25
ebcb84b6-14f3-4793-8edb-753cb2bbdb12,logistics.bot,resell,,,high,low,9,"NameCheap, Inc",30/10/2023 17:30,30/10/2027 17:30,03/10/2026 04:07
b8ddd7c3-c81e-4b9b-b1c8-78967da8a285,transportation.navy,available,41.99,41.99,high,low,14,namesilo,,,19/09/2026 03:16
df58f056-d8f0-43df-aa69-f43b968b7f38,logistics.moda,available,41.99,41.99,high,low,9,namesilo,,,03/10/2026 04:07
278fa4e3-4761-453d-b6b9-850106526725,logistics.theatre,available,465.95,500.18,high,low,9,spaceship,,,03/10/2026 04:07
5606aadb-7b73-45db-afe4-5a2bc47d8c6a,delivery.boats,resell,,,high,low,8,"Spaceship, Inc.",06/07/2026 15:43,06/07/2027 23:59,29/09/2026 04:21
2f036009-b91b-439b-948a-b0568dddbab9,delivery.agency,resell,,,high,low,8,Netregistry Wholesale Pty Ltd,26/12/2024 15:16,26/12/2026 15:16,29/09/2026 04:21
fa36b3e2-6929-4a6f-9604-d2511e370440,delivery.fitness,premium,99.5,128.7,high,low,8,unstoppable,,,29/09/2026 04:21
50ca6488-1a29-4fb3-ba33-822cf9823904,logistics.sucks,premium,2182.75,2182.75,high,low,9,porkbun,,,03/10/2026 04:07
04603bfd-5093-4a9d-ab0d-78b6859fec4c,logistics.site,premium,2500.2,3450,high,low,9,unstoppable,,,03/10/2026 04:07
6ab42839-6f3d-45b6-8b8e-f9912ade3cf9,transportation.lifestyle,available,5.49,39.99,high,low,14,namesilo,,,19/09/2026 03:16
dc110fcf-844b-4c7f-8775-a54978d4ae79,freight.cool,available,9.49,44.99,high,low,7,namesilo,,,01/10/2026 16:25
3fd2705c-6928-4bd3-87fe-06df3785e1d4,delivery.locker,premium,1654.52,8.8,high,low,8,namesilo,,,29/09/2026 04:21
7b724f6d-0e4e-48c1-a548-b82bd72f71c0,logistics.sbs,premium,68.43,147.2,high,low,9,namesilo,,,03/10/2026 04:07
85c4da7c-cb6c-4c2c-a971-d450bad56fbc,transportation.clothing,available,32.99,32.99,high,low,14,namesilo,,,19/09/2026 03:16
eef870b7-f1bb-48ae-8709-c3af5c6979bd,transportation.bid,premium,3250,130,high,low,14,namecheap,,,19/09/2026 03:16
b618d8aa-31de-4e86-a481-707592cf57e6,logistics.top,resell,,,high,low,9,成都西维数码科技有限公司,17/11/2014 16:00,17/11/2026 16:00,03/10/2026 04:07
12211390-ff11-4132-aa54-d73ee7221183,freight.luxury,available,26,26,high,low,7,spaceship,,,01/10/2026 16:25
ce97d001-d325-492d-85b5-0e1cbc3c0e45,delivery.protection,available,1999.99,2049.99,high,low,8,namesilo,,,29/09/2026 04:21
2e93b91e-057d-4100-a55d-78ffb386d126,transportation.pink,available,14.49,25.99,high,low,14,namesilo,,,19/09/2026 03:16
d5239751-f1ef-440b-b4a1-aec0c52c26dc,logistics.viajes,available,35.18,35.18,high,low,9,spaceship,,,03/10/2026 04:07
d1d89cd0-6b6e-408c-bc99-ae83f4895af5,freight.new,available,412.2,412.2,high,low,7,spaceship,,,01/10/2026 16:25
c6e534c8-a1af-403f-aad2-636091cb2777,transit.financial,available,15.73,46.78,high,low,7,spaceship,,,28/09/2026 15:28
e9dff5c5-0b4b-402c-927a-8b947ecf1461,transportation.finance,available,17.48,82.98,high,low,14,namecheap,,,19/09/2026 03:16
1707da80-50d7-4fb9-aaaa-cc05217eb9ef,freight.rip,available,24.5,23.49,high,low,7,unstoppable,,,01/10/2026 16:25
4857550a-7249-45e0-acaa-3fa4faf4db79,transportation.diy,available,4.98,51.98,high,low,14,namecheap,,,19/09/2026 03:16
734b20ab-e842-40a0-8448-12b0a2cba95e,freight.hosting,available,300.2,300.2,high,low,7,cloudflare,,,01/10/2026 16:25
441fe0d9-55ce-437e-abf1-23345c13c8f1,transportation.cars,available,1999.99,2199,high,low,14,namesilo,,,19/09/2026 03:16
8a97650e-ece8-4f2c-88be-bf5efea9f7c5,transportation.porn,available,69.98,154.98,high,low,14,namecheap,,,19/09/2026 03:16
c421e004-aa27-494a-8261-2edcb3dde7ae,freight.tennis,available,67.98,81.98,high,low,7,namecheap,,,01/10/2026 16:25
96b9e524-044a-43c3-b0b6-bf57f7a14094,delivery.prof,premium,649.2,843.7,high,low,8,unstoppable,,,29/09/2026 04:21
72430551-0633-4cf6-9d3d-e2cd03e7798b,logistics.gripe,available,6.99,6.99,high,low,9,namesilo,,,03/10/2026 04:07
40a867da-f302-4107-a004-051bc3fbf299,delivery.kaufen,available,29.98,33.58,high,low,8,namecheap,,,29/09/2026 04:21
0e634d9d-abc8-425a-a091-ea4466861a4c,transit.beer,available,1.24,26.08,high,low,7,spaceship,,,28/09/2026 15:28
36c7d88d-3de1-4dcd-a7c5-3ac8e3abecad,logistics.healthcare,available,68.2,68.2,high,low,9,cloudflare,,,03/10/2026 04:07
25ec7c1e-af64-4857-a2a1-3cf99ea0e690,transit.help,premium,72.65,103.7,high,low,7,spaceship,,,28/09/2026 15:28
555d2192-2f0d-4362-a4bb-9767c7e28b56,transportation.theatre,available,509.99,529.99,high,low,14,namesilo,,,19/09/2026 03:16
1701cbfb-e4b8-4d48-b9cf-07409a2e043c,freight.hamburg,available,69.98,73.98,high,low,7,namecheap,,,01/10/2026 16:25
73c86e7a-717a-4150-b934-4eb5ca33e49a,freight.ngo,available,15.2,15.2,high,low,7,cloudflare,,,01/10/2026 16:25
252a5adb-80c2-4af4-b743-ba9ea75b1110,logistics.living,available,1.34,31.25,high,low,9,spaceship,,,03/10/2026 04:07
efa19dca-2dda-409d-9928-3027278d2cad,transit.gg,available,51.8,51.8,high,low,7,porkbun,,,28/09/2026 15:28
32b25e05-065a-4ff2-b722-e3ee4d6b7898,logistics.holdings,available,51.95,51.95,high,low,9,spaceship,,,03/10/2026 04:07
d72a4f23-c36c-4b12-990f-7bd54292b10f,logistics.cfd,premium,74.75,149.5,high,low,9,namecheap,,,03/10/2026 04:07
00e7a70e-eaec-49ed-acd5-7086900cc030,freight.ing,premium,845,845,high,low,7,namecheap,,,01/10/2026 16:25
3fd0d6f2-7387-46bb-a7b2-ee56a1e90091,transportation.credit,available,11.49,104.99,high,low,14,namesilo,,,19/09/2026 03:16
b3bd2208-5fa2-445a-8063-edd18722f8dd,logistics.ing,premium,164.27,164.27,high,low,9,porkbun,,,03/10/2026 04:07
60e8f107-146c-4421-813c-8d3f4f26989d,freight.vet,available,33.32,33.32,high,low,7,spaceship,,,01/10/2026 16:25
93ff8bf0-0f24-4530-b70c-90109a2ee87e,shipping.airforce,available,83,83,high,low,8,spaceship,,,02/10/2026 13:00
2f2ad864-5127-49fa-a968-b260b587be22,transit.direct,resell,,,high,low,7,,,,28/09/2026 15:28
4321cc6d-8ff6-4ac5-88ec-acf7817df1a0,transportation.buzz,premium,116,53.92,high,low,14,namesilo,,,19/09/2026 03:16
c169246d-0c11-4e1c-a202-3581aa4b1e35,delivery.golf,available,7,,high,low,8,unstoppable,,,29/09/2026 04:21
3641ac02-354c-42a2-82b0-553a23e464d5,transportation.info,resell,,,high,low,14,"GoDaddy.com, LLC",17/09/2023 17:00,17/09/2027 17:00,26/09/2026 09:44
5503c2b9-0e3b-438d-9449-d99bbc8ff590,transportation.college,premium,640,640,high,low,14,namesilo,,,19/09/2026 03:16
9c1ebf57-f86d-4de5-8c26-ed8121785c67,transit.courses,available,1.5,32.32,high,low,7,dynadot,,,28/09/2026 15:28
828985ed-58ec-46e7-86f9-8a2b6b774b41,transit.spot,premium,116,116,high,low,7,namesilo,,,28/09/2026 15:28
a6ade3ba-b2ae-401f-92ce-76c83824a99c,delivery.toys,available,17,,high,low,8,unstoppable,,,29/09/2026 04:21
d1e9439b-0cea-48d7-b76f-5a12e3c09897,logistics.horse,available,32.49,32.49,high,low,9,namesilo,,,03/10/2026 04:07
6a9accff-4c77-4240-acb9-0614841d95b6,freight.forex,available,10.55,83,high,low,7,spaceship,,,01/10/2026 16:25
b1bb0ae2-1e48-4901-9305-045e38703c44,transportation.vision,available,45.99,45.99,high,low,14,namesilo,,,19/09/2026 03:16
6097d242-3b12-4c92-aeda-fc0a6c1b45f6,freight.you,premium,258.95,258.95,high,low,7,spaceship,,,01/10/2026 16:25
669053c6-4f0b-4001-a37d-c989130fe962,transportation.industries,premium,118.8,118.8,high,low,14,namesilo,,,19/09/2026 03:16
5c195f63-6131-48fa-a03a-a88d71f94a13,logistics.page,premium,129.2,141.35,high,low,9,unstoppable,,,03/10/2026 04:07
8ff440e3-008f-48fa-a0e7-2cd471265ee9,shipping.cab,available,26.08,26.08,high,low,8,spaceship,,,02/10/2026 13:00
0a32fda3-b6f1-4b52-8775-9c775d563b42,transit.club,premium,975,19.5,high,low,7,namecheap,,,28/09/2026 15:28
cf0a626b-d21d-4b57-a4ff-319c3d9a1a11,shipping.town,premium,72.6,72.6,high,low,8,dynadot,,,02/10/2026 13:00
83fb07ad-a09f-4559-a998-82b0755edc4b,shipping.reisen,available,17.34,17.34,high,low,8,dynadot,,,02/10/2026 13:00
6e3c4b78-c41b-4eff-a958-855ee1a93f8e,transportation.news,premium,118.8,118.8,high,low,14,namesilo,,,19/09/2026 03:16
9fe56c93-f54b-40b0-8fa5-41afec03598f,transportation.eco,premium,9735.05,74.75,high,low,14,namecheap,,,19/09/2026 03:16
bde3f6fd-0f1c-4dfa-bddd-5e2be858dffe,delivery.marketing,premium,68.51,68.51,high,low,8,spaceship,,,29/09/2026 04:21
31e19787-d091-417a-848a-a5d9ed168e31,transportation.surgery,available,54.99,54.99,high,low,14,namesilo,,,19/09/2026 03:16
01408346-22b7-4b7d-8a85-3b09af639b0c,freight.soy,premium,42.9,42.9,high,low,7,dynadot,,,01/10/2026 16:25
55750f1c-00b2-4ec5-9903-4d43166340e9,delivery.fish,premium,242,242,high,low,8,namesilo,,,29/09/2026 04:21
fbb04a6c-ff25-4fb3-94d7-3a4b7477bfc2,logistics.cab,available,26.08,26.08,high,low,9,spaceship,,,03/10/2026 04:07
22e4aab2-b512-4f88-a96a-dfdfd4b614eb,freight.boats,available,1.8,21.98,high,low,7,namecheap,,,01/10/2026 16:25
b3b055f4-71f9-41e9-b703-f6a92c098b9a,transportation.shiksha,premium,768,768,high,low,14,namesilo,,,19/09/2026 03:16
23dd3483-4363-47e5-8337-4b897eed71f4,freight.camera,available,46.78,46.78,high,low,7,spaceship,,,01/10/2026 16:25
ca678753-d649-48a6-9265-5579f2d62dea,transit.maison,available,44.2,44.2,high,low,7,cloudflare,,,28/09/2026 15:28
e38ae4f3-b388-4d5b-995a-1154e69eed72,logistics.taxi,available,10.99,62.99,high,low,9,namesilo,,,03/10/2026 04:07
2e5f50ee-b52a-4f76-99bd-8e7e6914cc1e,logistics.esq,premium,164.77,164.77,high,low,9,spaceship,,,03/10/2026 04:07
733be0d0-2bc1-44e2-9055-915e91a63229,transportation.estate,available,15.99,38.99,high,low,14,namesilo,,,19/09/2026 03:16
8a1a4f6c-1cf3-4aa8-9284-0fd7166f593c,transportation.flights,available,58.99,58.99,high,low,14,namesilo,,,19/09/2026 03:16
99f5edaa-31a5-49cc-b894-c5acbff61a8e,delivery.review,premium,550,71.5,high,low,8,dynadot,,,29/09/2026 04:21
33d9a0c6-60de-4b8b-bd1d-ab7a95aff594,truck.delivery,premium,242,242,high,low,5,namesilo,,,25/09/2026 23:01
34bcf602-8ba9-4e14-bb58-3153d31d2df5,delivery.tickets,available,393.98,608.98,high,low,8,namecheap,,,29/09/2026 04:21
2b1622b8-5446-4df9-9035-2cf760cc0dd0,transportation.ac,available,34.99,47.99,high,low,14,namesilo,,,19/09/2026 03:16
1ca662aa-9c07-4203-924f-311eec08dafb,transportation.doctor,available,14.49,116.99,high,low,14,namesilo,,,19/09/2026 03:16
76a4b66e-e4ce-4deb-86fa-f59ab91c19e3,freight.ski,available,27.99,64.99,high,low,7,namesilo,,,01/10/2026 16:25
403651a2-a114-4c50-adbc-b7e188493438,transit.pizza,available,50.2,50.2,high,low,7,cloudflare,,,28/09/2026 15:28
5ac9f90f-b2eb-435a-a0ec-384db8beae22,freight.voyage,available,45.2,45.2,high,low,7,cloudflare,,,01/10/2026 16:25
4fcce78f-0e0e-45b7-a714-2c88163c04b9,transportation.today,premium,128.7,128.7,high,low,14,namecheap,,,19/09/2026 03:16
9ef0eea5-9ceb-4ff4-9b27-369d6b7d4e18,delivery.jetzt,available,23.99,23.99,high,low,8,namesilo,,,29/09/2026 04:21
9a1cd99f-3db7-46bf-b4af-7113e55fd698,freight.construction,available,8.75,31.41,high,low,7,porkbun,,,01/10/2026 16:25
2f2210da-1c67-438d-96b9-65ef712b2879,transportation.viajes,available,43.98,57.98,high,low,14,namecheap,,,19/09/2026 03:16
91529f50-896a-4a99-acee-0658c74c55ab,transportation.red,available,11.49,23.49,high,low,14,namesilo,,,19/09/2026 03:16
c5dc941b-7fbf-4275-b0f0-0f290cb84ed9,transportation.charity,available,7.48,37.98,high,low,14,namecheap,,,19/09/2026 03:16
fc5b260e-2769-48cb-be53-409ddcb577bc,freight.racing,premium,116,116,high,low,7,namesilo,,,01/10/2026 16:25
2513254b-156d-4b28-82cf-a095b79df37f,logistics.ngo,premium,55,27.5,high,low,9,dynadot,,,03/10/2026 04:07
f19e7edf-7592-4ead-8afe-180f7aadddd0,transportation.engineer,premium,1107,1107,high,low,14,namesilo,,,19/09/2026 03:16
d8e77343-f4c4-4dfc-82c6-c4f2851ef6f8,freight.cash,resell,,,high,low,7,"DNSPod, Inc.",09/04/2025 15:16,09/04/2027 15:16,01/10/2026 16:25
ad177711-3edf-4376-9b7d-47043f6c86f8,logistics.church,available,7.45,46.78,high,low,9,spaceship,,,03/10/2026 04:07
79c3bbff-bed8-4ff2-8706-9f59ffc6ef5c,transportation.sydney,available,58,58,high,low,14,namesilo,,,19/09/2026 03:16
c4411e63-5996-448a-b116-6000aa3b1923,delivery.tube,premium,109.69,22.36,high,low,8,porkbun,,,29/09/2026 04:21
c3c38300-6592-4de7-86ca-4d7aa4067c12,logistics.market,premium,828.2,828.2,high,low,9,spaceship,,,03/10/2026 04:07
d5f3b49a-7494-44ba-b657-647949ca3709,ship.cab,available,32.99,32.99,high,medium,4,namesilo,,,30/09/2026 11:08
c8434c6a-b155-4b42-9af4-a66fd681c204,transportation.blackfriday,available,114.99,114.99,high,low,14,namesilo,,,19/09/2026 03:16
965cc2aa-1722-442e-8522-0cf10b71b53a,transit.haus,available,26.2,26.2,high,low,7,cloudflare,,,28/09/2026 15:28
f0f739ff-151c-4560-938d-73010dbeaf1d,transportation.gg,available,68.98,82.98,high,low,14,namecheap,,,19/09/2026 03:16
ea4827d7-fc3f-43f5-94d7-a9676ca2ed8f,delivery.shop,premium,517.7,517.7,high,low,8,spaceship,,,29/09/2026 04:21
47254cb9-e8b8-4781-ab9a-95bb8174268e,travel.solar,premium,512,512,high,medium,6,namesilo,,,24/09/2026 22:30
b71969c6-49a0-4bde-82a0-59945b1816e8,delivery.gold,resell,,,high,low,8,"DNSPod, Inc.",03/03/2021 08:19,03/03/2027 08:19,29/09/2026 04:21
7f443f33-1ed8-4efc-9acd-7e4ac1613566,logistics.doctor,available,5.38,93.35,high,low,9,spaceship,,,03/10/2026 04:07
44837b2b-ebfc-4e88-9afc-26ecbab9daef,freight.casino,available,6.41,129.58,high,low,7,spaceship,,,01/10/2026 16:25
0dc59a02-8b6b-4efa-8f4f-b9df7634dc96,freight.bingo,available,42.64,42.64,high,low,7,spaceship,,,01/10/2026 16:25
0cd2f56c-30d9-4ff4-af49-1b35e38c10b0,logistics.irish,available,5.38,17.8,high,low,9,spaceship,,,03/10/2026 04:07
dd383517-fc8c-427b-b184-a52a73a71162,freight.kids,premium,53.92,21.24,high,low,7,namesilo,,,01/10/2026 16:25
6a66415e-4c1a-4c66-930a-97bb561d7d93,transit.cafe,available,4.5,43.02,high,low,7,dynadot,,,28/09/2026 15:28
d63a3337-30d6-4572-abf6-1555abf5c3e0,vehicle.international,available,12,,high,low,7,unstoppable,,,02/10/2026 10:48
a05e033f-dd79-4d7b-9220-c5c2e7eccfb1,transit.berlin,available,79.98,89.98,high,low,7,namecheap,,,28/09/2026 15:28
40224c90-2092-4478-987a-2b03fa501362,transit.living,premium,,,high,low,7,,,,28/09/2026 15:28
95ef193a-5224-4500-813b-0d7ce6125bad,transit.ooo,available,24.99,24.99,high,low,7,namesilo,,,28/09/2026 15:28
9107659c-ff22-46d1-8575-0535f23749e2,freight.villas,available,10.92,49.44,high,low,7,dynadot,,,01/10/2026 16:25
ff2ebc40-4ed7-4bd6-824e-fa98ddb1c6e7,transportation.hot,premium,116,116,high,low,14,namesilo,,,19/09/2026 03:16
b230fc80-b3e5-4404-a4c7-6a86952beb0d,transit.ltda,available,42.98,46.98,high,low,7,namecheap,,,28/09/2026 15:28
869c7e71-6ea1-4495-9166-532ec75e9bab,travel.hot,premium,3450,3450,high,medium,6,namesilo,,,24/09/2026 22:30
c451cf1d-05ce-482f-a021-b43dc7b2f9c9,delivery.fun,premium,682.81,2729.67,high,low,8,porkbun,,,29/09/2026 04:21
2b98c459-d0ed-4bf6-a85f-e3fcebfd8ca9,transit.black,available,50.2,50.2,high,low,7,cloudflare,,,28/09/2026 15:28
49eba8e8-2df5-4798-8d93-3c3acab9439b,logistics.games,available,33.99,33.99,high,low,9,namesilo,,,03/10/2026 04:07
0ea27a69-9d34-41c9-be2f-b874bce0c114,freight.promo,available,10.55,19.87,high,low,7,spaceship,,,01/10/2026 16:25
610fe34f-402a-4d41-90da-2642f62d2550,travel.accountant,premium,1107,116,high,medium,6,namesilo,,,24/09/2026 22:30
e77480df-f79c-46c1-9327-a43a214ca4e6,transportation.foundation,available,7.48,37.98,high,low,14,namecheap,,,19/09/2026 03:16
8eb9b01a-a391-4c8c-aea7-62fac0062222,transportation.hiv,available,195.99,195.99,high,low,14,namesilo,,,19/09/2026 03:16
141461b2-8cfd-48c8-9c63-80d3c09d0dc2,transit.horse,available,26.26,26.26,high,low,7,porkbun,,,28/09/2026 15:28
d4e10d85-8903-4925-9d2b-eb044f35fafe,transportation.parts,premium,118.8,118.8,high,low,14,namesilo,,,19/09/2026 03:16
bf220375-2f88-4aa4-948e-49a60aeb85a7,transit.website,premium,1107,1107,high,low,7,namesilo,,,28/09/2026 15:28
427bd200-124e-4b4a-ac90-451edd83fc6f,freight.legal,available,71.99,71.99,high,low,7,namesilo,,,01/10/2026 16:25
a79205e8-752e-4e7d-a3cb-2e29bce7935c,freight.properties,available,14.17,31.25,high,low,7,spaceship,,,01/10/2026 16:25
6aca5c07-0791-4210-8d7a-45a0fd0df148,freight.ong,available,18.98,24.98,high,low,7,namecheap,,,01/10/2026 16:25
67696a76-5deb-41e5-b297-9c73b2b63e1d,transportation.supplies,available,24.99,24.99,high,low,14,namesilo,,,19/09/2026 03:16
555ffa49-4e68-4f6b-a5b4-7f9cdbd85ceb,logistics.voto,available,11.98,86.98,high,low,9,namecheap,,,03/10/2026 04:07
f41b14cf-aee8-4ce1-bdcb-7687397a6d6c,transit.cfd,premium,68.43,147.2,high,low,7,namesilo,,,28/09/2026 15:28
82e40094-04c7-4ab1-aad9-4063d30e30f4,logistics.lawyer,available,48.2,48.2,high,low,9,cloudflare,,,03/10/2026 04:07
edf7db87-3247-4908-ae06-acaccf58f788,vehicle.dealer,premium,4278,2660,high,low,7,namesilo,,,02/10/2026 10:48
48deb524-7a6a-4c42-b347-25486f587309,travel.navy,available,41.99,41.99,high,medium,6,namesilo,,,24/09/2026 22:30
4f8e6b37-0346-47d7-aabf-646938fbc0e0,logistics.vodka,available,26.08,26.08,high,low,9,spaceship,,,03/10/2026 04:07
7260e512-34bf-4400-882c-58bdbd8f5f1a,transportation.law,premium,2970.5,104,high,low,14,namecheap,,,19/09/2026 03:16
4579e5f0-5f0a-47ad-960e-117d9d7cb6c2,vehicle.flights,available,45.2,45.2,high,low,7,cloudflare,,,02/10/2026 10:48
57376f6b-4659-4178-af91-d6a3ab217648,delivery.meme,premium,362.45,362.45,high,low,8,spaceship,,,29/09/2026 04:21
613d5d6e-53a6-4da4-ba3d-8cffafa58d8b,transportation.republican,available,7.49,28.99,high,low,14,namesilo,,,19/09/2026 03:16
8eaec5d1-cc36-4b26-9b3a-93efc0c1bc68,transportation.expert,available,10.99,62.49,high,low,14,namesilo,,,19/09/2026 03:16
f861d4c0-43fe-4eb3-914f-f7a3316c74d7,delivery.style,premium,68.51,68.51,high,low,8,spaceship,,,29/09/2026 04:21
50c95f17-bd69-4e74-8496-0df3811353a5,shipping.zip,premium,129.2,167.7,high,low,8,unstoppable,,,02/10/2026 13:00
54a60b81-174d-4604-9568-bae5946b819a,delivery.icu,premium,59.71,119.23,high,low,8,spaceship,,,29/09/2026 04:21
c9590283-ac5f-4616-ada9-05355292773c,transit.systems,resell,,,high,low,7,,,,28/09/2026 15:28
9863ebf0-efda-4fc1-8c02-8352c41f0b44,logistics.cheap,available,5.38,29.18,high,low,9,spaceship,,,03/10/2026 04:07
f34ff0fc-e33e-4d18-94e7-c8e5bfdbb4ca,transportation.im,available,4.98,12.98,high,low,14,namecheap,,,19/09/2026 03:16
e8973b52-0ac2-4c40-ba28-b59947cfd254,travel.website,premium,13800,13800,high,medium,6,namesilo,,,24/09/2026 22:30
3a1f4439-7afa-46e9-a393-f38d003e8aa7,logistics.homes,resell,,,high,low,9,Dynadot Inc,01/07/2026 13:32,01/07/2027 23:59,03/10/2026 04:07
3c739ce3-b740-448f-a022-3514388d2673,transit.moi,available,27,,high,low,7,unstoppable,,,28/09/2026 15:28
459ede3f-5838-4b43-a427-4635044d8500,travel.motorcycles,available,1.99,17.29,high,medium,6,namesilo,,,24/09/2026 22:30
84066e6d-d9ed-4312-a510-795e41f8c41c,transit.talk,premium,62.3,62.3,high,low,7,spaceship,,,28/09/2026 15:28
fcf5b3ea-fdbe-4a98-9e98-1223aab09c98,freight.tienda,available,59.99,59.99,high,low,7,namesilo,,,01/10/2026 16:25
14d51411-8d2c-424e-9b6a-167947f97559,vehicle.tech,premium,13800,13800,high,low,7,namesilo,,,02/10/2026 10:48
16273742-b8fe-43e8-abcf-3db684ba2f7b,travel.villas,premium,512,512,high,medium,6,namesilo,,,24/09/2026 22:30
23acb446-5e0f-4b02-bdcf-0f67e39abbf2,transportation.mom,available,1.8,45.98,high,low,14,namecheap,,,19/09/2026 03:16
b1b56d6d-16cc-40d7-a390-841aa9978ff4,freight.music,premium,723.67,38.5,high,low,7,spaceship,,,01/10/2026 16:25
16ffd5d6-a634-40c0-a3a4-649a35e75616,cargo.bid,resell,,,high,low,5,Dynadot Inc,17/07/2023 00:32,17/07/2027 00:32,01/10/2026 12:59
fc036549-3f09-4e78-b594-df01d7b7e74b,transit.navy,available,33.47,33.47,high,low,7,porkbun,,,28/09/2026 15:28
763a170d-5594-440f-a5df-dcaa7e6be6b3,transportation.webcam,available,11.99,11.99,high,low,14,namesilo,,,19/09/2026 03:16
e33dd098-7a03-41d3-814c-731732b3b96d,freight.blue,available,19.99,24.99,high,low,7,namesilo,,,01/10/2026 16:25
c60ca06d-a8a8-42ea-bbf1-865fe8393576,transportation.reise,available,27.89,97.99,high,low,14,namesilo,,,19/09/2026 03:16
5550fe68-225b-4b17-b479-73a42cb7bbcd,freight.free,premium,116,116,high,low,7,namesilo,,,01/10/2026 16:25
92146f97-2de2-4005-9968-6bf3788d8576,delivery.dating,available,20,,high,low,8,unstoppable,,,29/09/2026 04:21
2c331b72-b113-484c-8122-a66fe1fdebea,freight.dad,premium,64.93,64.93,high,low,7,porkbun,,,01/10/2026 16:25
31d6557a-7797-4787-a3e9-eddaf7d68d85,travel.degree,available,52.99,52.99,high,medium,6,namesilo,,,24/09/2026 22:30
1a5aa493-0f81-4590-9c30-56ae79fee53f,transportation.day,premium,76.7,76.7,high,low,14,namecheap,,,19/09/2026 03:16
41414b42-715f-4559-ac4e-66a6e0fc8b65,freight.haus,available,14.99,33.99,high,low,7,namesilo,,,01/10/2026 16:25
fc1d7564-2e31-44ce-86b9-f8127fafd5e9,delivery.pro,resell,,,high,low,8,,,,29/09/2026 04:21
47421089-c8bb-4969-9cf5-0e377c42c679,travel.beer,resell,,,high,medium,6,"Chengdu West Dimension Digital Technology Co., Ltd.",19/04/2020 08:56,19/04/2027 08:56,26/09/2026 09:44
f226a878-c2d5-4e78-b13e-cbea3794b32a,transportation.healthcare,available,93.98,111.98,high,low,14,namecheap,,,19/09/2026 03:16
051815f8-4d22-48b8-a81c-5cb36ef020df,freight.coffee,available,6.41,34.36,high,low,7,spaceship,,,01/10/2026 16:25
c0640be8-16bc-496b-8bb4-1159a8a0e199,logistics.band,available,20.99,31.49,high,low,9,namesilo,,,03/10/2026 04:07
b56a1230-d0b3-446c-9a72-c8941d7c3ba6,transit.camp,available,62.99,62.99,high,low,7,namesilo,,,28/09/2026 15:28
706ee0a1-19c5-42fd-a64d-f503985452bb,transit.energy,resell,,,high,low,7,,,,28/09/2026 15:28
35a3fdf3-84a2-49a8-8494-9c9ab81cce81,freight.education,available,28.15,28.15,high,low,7,spaceship,,,01/10/2026 16:25
24cdd7cc-0563-4f8c-aad0-fa385afe289a,transportation.soccer,available,25.99,25.99,high,low,14,namesilo,,,19/09/2026 03:16
ab89a75f-00ee-44b0-a8ac-13617c189e80,freight.ceo,premium,258.7,258.7,high,low,7,namecheap,,,01/10/2026 16:25
cf58c3be-e7ad-46bb-8db4-e8a135b156ae,delivery.family,premium,71.4,71.4,high,low,8,namesilo,,,29/09/2026 04:21
a4841055-5512-4c1f-acb5-c562642e182e,transit.deals,available,40.98,51.98,high,low,7,namecheap,,,28/09/2026 15:28
b3ba4c29-32a1-4d92-a69a-2158ce3b7945,freight.osaka,available,26.97,26.97,high,low,7,dynadot,,,01/10/2026 16:25
063ed122-deb2-412a-854b-df14735c4247,cargo.viajes,available,35.18,35.18,high,low,5,spaceship,,,01/10/2026 12:59
b2c66dad-8e84-4794-a3e6-8e8e083e6923,transportation.phd,premium,115.7,115.7,high,low,14,namecheap,,,19/09/2026 03:16
6417a9a4-3872-433d-8e8d-c0c9d3ec45f1,transit.industries,premium,108.9,108.9,high,low,7,dynadot,,,28/09/2026 15:28
77997cf3-1290-459c-a0bb-a7073e8314cc,transit.site,premium,1107,1107,high,low,7,namesilo,,,28/09/2026 15:28
99a621ae-9661-4178-8134-6c7d3cb2bfc3,transit.dating,available,50.2,50.2,high,low,7,cloudflare,,,28/09/2026 15:28
c7c68ebb-9279-438a-9ce1-f3300b454455,transportation.christmas,available,1.8,49.98,high,low,14,namecheap,,,19/09/2026 03:16
bca0f577-9c17-4a51-abd9-0a38eefdde52,delivery.soy,premium,107.9,107.9,high,low,8,namecheap,,,29/09/2026 04:21
32ac52a3-19c1-444f-85fe-3414e2a5a34a,logistics.hiv,available,195.99,195.99,high,low,9,namesilo,,,03/10/2026 04:07
5a9d2ba5-b38b-480b-8be6-9a9371203221,shipping.dealer,premium,1604.45,2070.2,high,low,8,spaceship,,,02/10/2026 13:00
9cf799d8-cdd9-4eaa-b9d4-f3a3514a878a,transportation.family,premium,242,242,high,low,14,namesilo,,,19/09/2026 03:16
dc7d0d8c-09ea-401f-bd21-62881905040e,distribution.express,available,12.49,39.99,high,low,12,namesilo,,,04/10/2026 01:03
abf96a31-3c53-421c-b736-795e220c4d1a,delivery.giving,available,7.48,35.98,high,low,8,namecheap,,,29/09/2026 04:21
d7ac439b-4151-41fe-94ff-a9e9245672a8,delivery.host,premium,1107,1107,high,low,8,namesilo,,,29/09/2026 04:21
48469673-2387-4303-b0d9-36f908fbbc65,travel.racing,premium,116,116,high,medium,6,namesilo,,,24/09/2026 22:30
9f3f23e3-0955-4eb2-b36b-5f7af014e8ae,shipping.storage,available,509.99,529.99,high,low,8,namesilo,,,02/10/2026 13:00
07ab404a-bc75-4141-83d9-5f8a73b36cb7,transit.sarl,available,6.99,6.99,high,low,7,namesilo,,,28/09/2026 15:28
e725305a-a35d-4b07-83a7-3744893e01a4,freight.mba,available,17.99,39.99,high,low,7,namesilo,,,01/10/2026 16:25
8e098414-31cb-46e7-bebb-81842f03e0f1,transit.nexus,premium,272.35,272.35,high,low,7,porkbun,,,28/09/2026 15:28
6dca12a7-75b0-4b61-a152-e13a445c351a,transportation.voting,available,1398,1448,high,low,14,namecheap,,,19/09/2026 03:16
6b7704ff-b8dd-48e8-8b76-0d37d86c945f,travel.one,premium,6900,6900,high,medium,6,namesilo,,,24/09/2026 22:30
477be61b-d4b3-45d9-b813-882e00aaf520,travel.training,premium,242,242,high,medium,6,namesilo,,,24/09/2026 22:30
cade4e19-f455-45e4-88fc-4adc87118766,transportation.motorcycles,available,1.8,21.98,high,low,14,namecheap,,,19/09/2026 03:16
b1dc3efc-c6e9-4c4c-a312-e509c377c8e0,transportation.holiday,available,64.99,64.99,high,low,14,namesilo,,,19/09/2026 03:16
085186a2-7381-4554-889b-77599a2b6fe1,vehicle.fm,available,88.99,88.99,high,low,7,namesilo,,,02/10/2026 10:48
0eab71ee-b09f-4e3c-830c-1e666651b7d0,logistics.soy,premium,299.2,309.67,high,low,9,unstoppable,,,03/10/2026 04:07
b68ad152-2915-4fe0-ba17-8f101b8d9e31,logistics.domains,available,34.36,34.36,high,low,9,spaceship,,,03/10/2026 04:07
11edda0b-b5e6-4b45-8bcc-1f0343331a12,transportation.forum,available,1.8,49.98,high,low,14,namecheap,,,19/09/2026 03:16
05b3494b-1b84-40f5-bd84-bc88983034fd,travel.immobilien,available,37.99,37.99,high,medium,6,namesilo,,,24/09/2026 22:30
4a1f8c50-65bb-4448-9f73-73bc588131bc,transportation.pictures,available,15.49,15.49,high,low,14,namesilo,,,19/09/2026 03:16
e5e38b03-e5f8-4e30-a7d4-6aa31e7f30de,shipping.yachts,available,1.99,17.29,high,low,8,namesilo,,,02/10/2026 13:00
dc102d6c-33ae-49a3-bdc4-f27227bf8545,freight.webcam,premium,650,84.5,high,low,7,namecheap,,,01/10/2026 16:25
8dd0668f-8282-408b-abb9-b8fdeafa3284,delivery.inc,premium,1604.45,2070.2,high,low,8,spaceship,,,29/09/2026 04:21
49bd62e3-81c3-43ef-afc0-e6a844170bc2,shipping.degree,available,52.99,52.99,high,low,8,namesilo,,,02/10/2026 13:00
7a47d256-df5e-40a4-9caf-a90dd4bdf324,freight.mobile,premium,310.7,310.7,high,low,7,spaceship,,,01/10/2026 16:25
12414a3e-a977-4915-b215-75eadc96c275,travel.kaufen,available,5.99,26.99,high,medium,6,namesilo,,,24/09/2026 22:30
b3fd3e96-4fb3-4973-b5d3-a9272119ac91,delivery.moe,premium,640,14.16,high,low,8,namesilo,,,29/09/2026 04:21
f63728a0-cd08-4b4c-ab38-6be5802e4a7b,transit.voyage,available,58.99,58.99,high,low,7,namesilo,,,28/09/2026 15:28
23172529-e6f9-418a-bfb4-c3adee7c3a15,transportation.wiki,premium,130,130,high,low,14,namecheap,,,19/09/2026 03:16
21dd6381-8fdb-48a2-8600-df83198bab85,delivery.moda,available,41.99,41.99,high,low,8,namesilo,,,29/09/2026 04:21
66a619b0-b585-4632-9322-aaa09580a14b,delivery.cyou,premium,68.43,147.2,high,low,8,namesilo,,,29/09/2026 04:21
eb8de7ae-c693-45cd-a1c0-7fd3be67070d,travel.dad,premium,1298.7,1298.7,high,medium,6,namecheap,,,24/09/2026 22:30
07208b2b-9015-413c-a6bc-cac90b6c7870,transit.claims,available,17,,high,low,7,unstoppable,,,28/09/2026 15:28
68d144a3-d166-4fd6-82e0-428f6f251f5d,travel.media,resell,,,high,medium,6,"Chengdu West Dimension Digital Technology Co., Ltd.",14/06/2015 16:55,14/06/2027 16:55,26/09/2026 09:44
a9d8d4dd-83da-40b4-a2cf-72c3fa5c6307,logistics.fund,resell,,,high,low,9,"DNSPod, Inc.",16/06/2017 08:46,16/06/2027 08:46,03/10/2026 04:07